Tahun,JK,prodi,Usia,IP1,AK1,IP2,AK2,IP3,AK3,IP4,AK4,IP5,AK5,IP6,AK6,Tepat
2017,L,PAI,21,3.43,215,3.5,207,3.52,110,3.08,162,3.64,155,3.58,255,1
2017,L,PAI,23,3.45,170,3.65,210,3.63,90,3.54,171,3.75,210,3.77,233,1
2017,L,PAI,23,3.45,165,3.53,220,3.42,70,2.19,170,3.55,121,3.17,230,1
2017,L,PAI,23,3.18,135,3.4,210,3.38,90,2.27,163,3.32,155,3.33,180,1
2017,L,PAI,24,3.3,151,3.43,206,3.5,90,2.83,164,3.52,196,3.58,,1
2017,L,PAI,23,3.13,195,3.3,240,3.58,90,3.04,296,3.45,195,3.35,262,1
2017,L,PAI,22,3.03,146,3.25,222,3.33,83,2.79,194,3.41,115,3.42,264,1
2017,L,PAI,23,2.8,110,3.33,198,3.23,170,3.15,190,3.36,130,3.65,145,1
2017,L,PAI,24,2.98,235,3.48,265,3.44,140,2.98,270,3.45,188,3.56,259,1
2017,L,PAI,22,3.08,80,3.36,240,3.29,30,2.44,244,3.02,203,3.25,165,1
2017,L,PAI,24,3.33,142,3.25,220,3.5,130,3.13,219,3.5,122,3.56,260,1
2017,L,PAI,22,3.23,155,3.14,196,3.35,130,2.91,160,3.2,100,3.33,195,1
2017,L,PAI,22,3.4,158,3.38,206,3.4,163,2.63,216,3.5,184,3.58,125,1
2017,L,PAI,23,3.28,195,3.58,210,3.46,118,3.2,243,3.55,190,3.52,230,1
2017,L,PAI,22,3.28,185,3.5,235,3.5,82,2.92,199,3.5,207,3.54,250,1
2017,L,PAI,24,3.14,185,3.5,210,3.37,105,2.94,363,3.57,145,3.52,345,1
2017,L,PAI,23,3.18,218,3.3,110,3.35,184,2.96,178,3.41,225,3.52,145,1
2017,L,PAI,21,3.28,216,3.43,210,3.46,105,2.92,125,3.52,145,3.73,130,1
2017,L,PAI,23,3.34,288,3.41,232,3.58,257,3.17,198,3.48,216,3.58,120,1
2017,L,PAI,23,3.15,151,3.3,165,3.35,85,2.23,158,3.36,69,3.4,200,1
2017,L,PAI,22,3.48,157,3.63,220,3.5,90,2.25,227,3.55,133,3.23,240,1
2017,L,PAI,23,3.35,170,3.58,217,3.27,110,2.94,188,3.7,205,3.58,239,1
2017,L,PAI,21,3.3,204,3.47,222,3.48,234,3,198,3.43,192,3.17,123,1
2017,L,PAI,24,3.08,199,3.4,225,3.46,100,2.81,188,3.36,101,3.25,191,1
2017,L,PAI,22,3.18,203,3.31,172,3.06,100,2.58,203,3,125,3.13,212,1
2017,L,PAI,22,3.18,164,3.43,258,3.58,103,3.4,218,3.68,155,3.67,269,1
2017,L,PAI,25,3.35,160,3.63,230,3.73,254,3.71,251,3.7,180,3.83,273,1
2017,L,PAI,22,3.13,144,3.28,220,3.33,90,2.98,223,3.27,116,3.06,212,1
2017,L,PAI,23,3.2,220,3.45,240,3.33,191,3.54,178,3.59,192,3.67,140,1
2017,L,PAI,24,3.15,178,3.23,173,3.33,180,2.73,,3.41,110,3.71,125,1
2017,L,PAI,23,2.98,273,3.42,230,3.46,215,2.63,182,3.43,182,3.33,110,1
2017,L,PAI,21,3.39,135,3.28,110,3.54,115,3.15,200,3.59,190,3.69,284,1
2017,L,PAI,22,3.16,148,3.43,222,3.5,62,2.8,226,3.39,163,3.35,225,1
2017,L,KKK,23,3.45,30,3.31,215,3.32,80,3.5,279,3.36,200,3.57,48,1
2017,L,KKK,22,3.48,90,3.27,244,3.16,152,3.01,253,3.2,247,3.57,48,1
2017,L,KKK,24,3.31,60,3.18,190,2.93,85,3.02,268,3.18,190,3.63,33,1
2017,L,KKK,22,3.18,40,3.14,130,2.97,138,3.18,242,3.22,190,3.22,23,1
2017,L,KKK,22,3.05,35,3.04,205,3.35,45,3.2,253,3.18,200,3.66,23,1
2017,L,KKK,22,3.21,20,3.25,200,3.36,80,3.18,273,3.18,200,3.53,48,1
2017,L,KKK,23,3.49,70,3.4,230,3.74,178,3.5,282,3.46,215,3.59,48,1
2017,L,KKK,24,3.32,60,3.24,230,3.45,190,3.28,302,3.3,228,3.39,33,1
2017,L,PBA,22,3.03,150,3.2,197,3.2,158,3.17,204,3.11,93,3.11,60,1
2017,L,PBA,23,3.39,150,3.61,250,3.54,271,3.58,295,3.48,255,3.55,,1
2017,L,PBA,23,3.33,150,3.08,150,3.38,278,3.31,314,3.39,215,3.41,120,1
2017,L,PBA,25,3.13,150,3.2,278,3.25,255,3.07,273,3.27,130,3.11,124,1
2017,L,PBA,22,3.53,161,2.9,191,3.4,253,3.4,217,3.25,150,3.68,150,1
2017,L,PBA,23,3.55,150,3.25,244,3.39,274,3.39,304,3.18,225,3.55,,1
2017,L,PBA,22,3.23,150,3.23,252,3.41,293,3.3,290,3.14,190,3.18,150,1
2017,L,PBA,22,3.15,150,3.18,237,3.41,240,3.38,235,3.34,215,3.41,120,1
2017,L,PBA,23,3.13,150,3.13,252,3.16,281,3.33,250,3.36,210,3.34,119,1
2017,L,PBA,22,3.53,150,3.53,239,3.5,306,3.5,314,3.55,215,3.43,124,1
2017,L,PBA,21,3.18,150,3.28,214,3.06,278,3.17,309,3.34,205,3.2,124,1
2017,L,PBA,22,3.28,239,3.28,220,3.48,269,3.16,205,3.34,150,3.2,150,1
2017,L,PBA,25,3.1,150,3.43,154,3.41,255,3.73,261,3.52,210,3.64,124,1
2017,L,PBA,23,3.45,150,3.45,150,3.46,319,3.48,340,3.48,240,3.66,120,1
2017,L,PBA,21,3.1,150,3.4,239,3.3,62,3.3,277,3.32,215,3.32,124,1
2017,L,PBA,24,3.53,150,3.48,244,3.45,292,3.48,292,3.34,216,3.66,124,1
2017,L,PBA,21,3,150,3.2,235,3.18,242,3.27,282,3.23,210,3.48,134,1
2017,L,PBA,21,2.98,150,3.3,234,3.16,258,3.14,318,3.16,240,3.45,124,1
2017,L,PBA,21,3.53,150,3.55,150,3.67,150,3.48,207,3.45,150,3.77,193,1
2017,L,PBA,22,3.3,150,3.58,249,3.48,222,3.5,242,3.41,200,3.68,120,1
2017,L,PBA,22,2.93,150,3.3,200,3.34,213,3.11,264,3.27,200,3.39,150,1
2017,L,PBA,22,3.28,202,3.25,279,3.64,204,3.43,262,3.41,150,3.66,150,1
2017,L,PBA,25,3.48,169,3.18,207,3.57,206,3.13,175,3.2,150,3.43,150,1
2017,L,PBA,22,3.43,150,3.35,249,3.18,255,3.27,280,3.34,210,3.34,150,1
2017,L,PBA,23,3.38,213,3.45,217,3.5,275,3.2,210,3.41,150,3.68,150,1
2017,L,PBA,23,3.2,150,3.5,230,3.3,259,3.33,293,3.45,225,3.41,120,1
2017,L,SAA,22,3.42,150,3.39,138,3.48,142,3.51,150,3.45,150,3.5,150,1
2017,L,SAA,23,3.22,181,3.34,263,3.72,236,3.5,248,3.54,150,3.76,150,1
2017,L,SAA,24,3.53,145,3.36,210,3.66,141,3.33,250,3.54,155,3.56,150,1
2017,L,SAA,23,3.19,179,3.3,247,3.3,279,3.4,225,3.2,150,3.51,150,1
2017,L,SAA,22,3.33,150,3.27,162,3.5,166,3.01,150,3.53,150,3.5,150,1
2017,L,SAA,24,3.5,150,3.14,130,3.48,168,2.89,150,3.39,150,3.26,150,1
2017,L,SAA,23,3.33,150,3.34,234,3.45,170,3.26,150,3.2,150,3.48,150,1
2017,L,SAA,23,3.56,150,3.32,222,3.52,205,3.48,150,3.39,252,3.59,150,1
2017,L,SAA,22,3.21,150,3.13,150,3.01,89,3.02,205,3.01,160,3.19,150,1
2017,L,SAA,22,3.28,107,3,206,3.11,101,2.91,217,3.37,160,3.38,150,1
2017,L,SAA,24,3.31,150,3.25,226,3.48,173,3.17,150,3.51,150,3.5,150,1
2017,L,SAA,21,3.41,180,3.18,209,3.31,218,3.36,208,3.17,150,3.44,150,1
2017,L,SAA,23,3.25,150,3.27,138,3.41,143,3,150,3.3,150,3.45,150,1
2017,L,AFI,23,3.44,150,3.26,150,3.47,225,3.67,292,3.35,150,3.56,150,1
2017,L,AFI,21,3.37,165,3.35,245,3.2,205,3.27,239,3.63,150,3.45,150,1
2017,L,AFI,22,3.32,173,3.38,212,3.23,220,3.55,217,3.59,150,3.31,150,1
2017,L,AFI,25,3.45,150,3.28,183,3.31,150,3.54,150,3.48,150,3.34,150,1
2017,L,AFI,23,3.34,150,3.45,180,3.08,150,3.42,150,3.44,150,3.25,150,1
2017,L,AFI,24,3.59,150,3.48,200,3.29,150,3.35,150,3.15,150,3.28,150,1
2017,L,AFI,22,3.42,150,3.41,170,3.37,150,3.48,150,3.55,150,3.43,150,1
2017,L,AFI,22,3.25,239,3.46,205,3.2,169,3.65,264,3.51,221,3.65,20,1
2017,L,AFI,22,3.25,170,3.16,203,3.36,260,3.45,215,3.31,150,3.59,150,1
2017,L,AFI,23,3.33,173,3.19,212,3.04,220,3.07,217,2.91,150,3.15,150,1
2017,L,AFI,22,3.12,110,3.48,172,3.11,129,3.49,286,3.48,217,3.43,5,1
2017,L,IQT,22,2.93,258,2.88,275,3.46,262,3.24,258,3.12,150,3.35,150,1
2017,L,IQT,23,3.18,190,3.23,180,3.1,150,3.03,235,3.26,180,3.45,,1
2017,L,IQT,22,3.13,250,3.4,313,3.25,232,3.31,229,3.18,150,3.5,150,1
2017,L,IQT,23,3.45,298,3.55,180,3.54,194,3.32,282,3.81,229,3.67,20,1
2017,L,IQT,23,3.23,258,3.55,167,3.38,238,3.32,268,3.69,91,3.72,50,1
2017,L,IQT,22,3.02,203,3.33,157,3.01,119,3.13,227,3.64,215,3.52,35,1
2017,L,IQT,22,3,84,3.45,230,3.2,235,3.36,285,3.32,230,3.63,,1
2017,L,IQT,22,3.25,184,3.28,263,2.99,156,3.25,112,3.19,235,3.57,,1
2017,L,IQT,23,3.1,134,3.35,191,3.3,119,3.1,227,3.46,123,3.43,,1
2017,L,IQT,23,2.93,184,3.28,160,3.08,155,3.17,263,3.26,175,3.33,,1
2017,L,IQT,25,3.15,183,3.5,257,3.33,200,3.32,283,3.56,123,3.68,25,1
2017,L,IQT,23,3.25,203,3.48,210,3.49,116,3.29,290,3.67,156,3.74,12,1
2017,L,IQT,23,3.2,210,3.38,172,3.28,130,3.32,240,3.5,163,3.66,,1
2017,L,IQT,22,3.03,248,2.88,290,3.29,135,3.21,287,3.44,173,3.59,,1
2017,L,IQT,23,3.23,253,3.05,167,3.1,170,3.32,213,3.29,248,3.47,5,1
2017,L,IQT,24,2.8,142,2.88,220,2.83,180,3.09,260,3.01,233,3.4,,1
2017,L,IQT,23,3.1,139,3.1,190,3.03,100,3.12,164,3.27,160,3.54,,1
2017,L,IQT,22,2.95,183,3.15,265,3.43,239,3.21,226,3.15,150,3.59,150,1
2017,L,IQT,23,3,189,3.2,164,3.33,180,2.91,252,3.4,183,3.6,,1
2017,L,TI,21,3.2,88,2.89,220,3.07,236,3.11,279,3.54,240,3.86,15,1
2017,L,TI,21,3.14,43,2.83,195,3.25,248,3.17,313,3.32,230,3.65,15,1
2017,L,TI,24,3.42,31,3.07,230,3.11,210,3.18,249,3.25,200,3.52,15,1
2017,L,TI,23,3.34,38,3.03,220,2.93,42,3.19,259,3.05,200,3.46,15,1
2017,L,TI,22,3.3,75,2.92,240,3.03,180,3.15,242,3.38,172,3.62,15,1
2017,L,TI,22,3.28,53,2.94,245,2.94,40,3.08,244,3.04,160,3.57,,1
2017,L,TI,25,3.64,128,3.4,270,3.51,105,3.22,282,3.6,240,3.81,15,1
2017,L,TI,22,3.57,185,3.44,227,3.52,223,3.3,301,2.93,135,3.31,40,1
2017,L,TI,22,3.47,146,3.02,245,3.08,30,3.04,259,3.35,152,3.04,15,1
2017,L,TI,23,3.12,,3,270,3.18,90,2.78,271,3.31,215,3.33,15,1
2017,L,TI,24,3.12,181,2.85,185,3.03,250,2.93,263,3.38,200,3.38,15,1
2017,L,TI,22,3.28,52,2.77,215,3.02,210,3.05,299,3.19,180,3.5,15,1
2017,L,TI,23,3.11,40,2.83,220,3.17,150,2.86,229,3.03,160,3.63,15,1
2017,L,TI,23,3.17,49,2.9,214,3.08,212,2.94,306,3.05,219,3.33,15,1
2017,L,TI,22,3.32,29,2.85,255,3.15,210,3.29,291,3.22,210,3.82,15,1
2017,L,TI,22,3.12,31,2.92,220,2.98,30,2.74,209,3.25,172,3.96,15,1
2017,L,TI,21,3.41,,3.13,260,3.23,210,3,285,3.49,205,3.48,60,1
2017,L,TI,21,3.07,52,2.86,210,3.1,175,2.95,263,3.5,160,3.62,15,1
2017,L,TI,22,3.32,112,2.81,219,3.23,165,3.11,269,3.41,180,3.63,15,1
2017,L,PM,23,3.3,186,3.6,205,3.59,37,3.27,310,3.45,210,3.45,260,1
2017,L,PM,22,3.4,193,3.45,153,3.43,92,3.35,243,3.4,210,3.45,230,1
2017,L,PM,24,3.6,212,3.75,262,3.57,219,3.62,208,3.57,150,3.53,150,1
2017,L,PM,22,3.28,174,3.63,203,3.41,90,3.52,235,3.29,210,3.5,227,1
2017,L,EI,24,3.1,235,3.35,297,3.5,140,3.34,286,3.34,213,3.6,314,1
2017,L,EI,22,3.56,140,3.5,288,3.59,110,3.5,283,3.44,246,3.71,270,1
2017,L,EI,23,3.34,162,3.43,272,3.57,40,3.34,230,3.31,220,3.51,231,1
2017,L,EI,25,3.33,146,3.46,277,3.59,115,3.41,295,3.69,212,3.57,205,1
2017,L,EI,22,2.95,212,3.11,340,3.58,120,3.38,278,3.38,223,3.44,216,1
2017,L,EI,23,3.26,160,3.23,3,3.67,246,3.5,210,3.5,175,3.64,340,1
2017,L,EI,23,3.25,65,3.25,160,3.36,90,3.47,275,3.5,219,3.61,207,1
2017,L,EI,23,3.21,160,2.99,242,3.52,247,3.28,244,3.34,240,3.44,305,1
2017,L,EI,24,3.16,152,3.04,227,3.39,135,3.19,267,3.22,212,3.4,203,1
2017,L,EI,25,2.94,65,3.16,160,3.6,90,3.16,275,2.94,219,3.25,207,1
2017,L,EI,23,3.13,146,3.18,186,3.44,90,3.06,273,3.34,216,3.58,202,1
2017,L,EI,23,3.05,204,3.04,206,3.42,105,3.16,250,3.28,224,3.43,264,1
2017,L,EI,22,3.45,233,3.31,210,3.31,190,3.28,183,3.5,150,3.32,150,1
2017,L,EI,23,3.19,199,3.29,297,3.54,85,3.38,255,3.38,194,3.39,217,1
2017,L,EI,22,3.31,110,3.16,252,3.24,80,3.22,281,3.16,219,3.44,227,1
2017,L,EI,24,3.25,170,3.16,242,3.44,45,3.28,256,3.13,248,3.26,217,1
2017,L,EI,23,3.03,180,3.23,219,3.24,218,3.38,193,3.19,150,3.39,150,1
2017,L,EI,23,3.53,203,3.68,218,3.66,195,3.44,183,3.47,150,3.24,150,1
2017,L,EI,23,3.23,173,3.35,183,3.19,180,3.06,183,3.06,150,3.38,150,1
2017,L,EI,22,3.38,260,3.33,190,3.58,90,3.53,258,3.34,197,3.63,210,1
2017,L,MNJ,25,3.32,225,3.39,266,3.54,260,3.17,340,3.32,235,3.5,65,1
2017,L,MNJ,23,3.39,150,3.44,150,3.48,240,3.84,317,3.45,192,3.55,30,1
2017,L,MNJ,22,3.02,110,3.31,270,3.47,150,3.4,213,2.94,182,3.45,40,1
2017,L,MNJ,22,3.2,130,2.94,230,3.45,210,3.33,298,3.2,212,3.51,40,1
2017,L,MNJ,22,3.43,245,3.65,265,3.49,258,3.54,340,3.25,224,3.68,30,1
2017,L,MNJ,21,3.4,180,3.56,245,3.39,205,3.42,230,3.31,278,3.66,75,1
2017,L,MNJ,22,3.4,105,3.63,250,3.69,247,3.61,300,3.35,162,3.63,100,1
2017,L,MNJ,23,3.24,115,3.28,215,3.46,240,3.26,300,2.98,192,3.33,30,1
2017,L,MNJ,22,3.49,130,3.51,220,3.41,250,3.65,277,3.33,267,3.61,110,1
2017,L,MNJ,23,3.25,125,3.4,280,3.31,192,3.3,267,3.17,172,3.45,40,1
2017,L,HI,22,3.3,124,3.55,205,3.29,240,3.22,277,3.18,170,3.18,150,1
2017,L,HI,23,3.41,61,3.11,257,3.15,183,3.03,277,3.32,265,3.26,150,1
2017,L,HI,22,3.33,145,3.15,264,3.25,208,3.22,329,3.39,295,3.17,150,1
2017,L,HI,23,3.18,230,3.01,165,3.02,223,3.09,292,3.36,248,3.24,150,1
2017,L,HI,21,3.08,158,3.13,150,2.86,250,3.25,285,3.14,273,3.16,150,1
2017,L,HI,23,3.49,153,3.45,232,3.46,233,3.41,282,3.32,300,3.56,150,1
2017,L,HI,23,3.21,183,3.25,202,3.09,218,2.97,306,3.11,275,3.27,150,1
2017,L,HI,23,3.16,190,2.99,200,3.06,238,3.31,257,3.21,258,3.11,150,1
2017,L,HI,22,3.24,160,3.25,277,3.11,250,3.31,316,3.18,267,3.22,150,1
2017,L,HI,21,3.5,190,3.56,237,3.16,265,3.25,350,3.36,268,3.33,150,1
2017,L,HI,22,3.45,190,3.55,242,3.44,250,3.59,284,3.25,285,3.23,150,1
2017,L,HI,22,3.2,118,3.23,187,3.02,180,3.25,312,3.11,246,3,150,1
2017,L,HI,22,3.31,70,3.38,235,3.31,229,3.34,300,3.43,325,3.39,150,1
2017,L,HI,23,3.25,137,2.85,242,2.83,170,3,244,3.07,265,3.27,150,1
2017,L,HI,23,3.7,293,3.7,325,3.69,292,3.75,315,3.57,317,3.55,150,1
2017,L,HI,22,3.3,175,3.24,232,3.13,196,3.22,278,3.18,290,2.97,150,1
2017,L,HI,23,3.25,173,3.11,207,3.17,170,3.25,309,3.04,255,3.16,150,1
2017,L,HI,22,3.23,202,3.16,185,3.2,250,3.13,310,3.07,210,3.14,150,1
2017,L,HI,22,3.36,198,3.33,186,3.11,170,3.03,265,3.18,234,3.19,150,1
2017,L,HI,21,3.46,219,3.53,310,3.69,280,3.41,300,3.64,275,3.45,150,1
2017,L,HI,25,3.11,214,3.21,275,2.82,223,3.06,293,3.14,212,3.1,150,1
2017,L,HI,23,3.23,70,3.24,217,3.13,176,3.22,310,3.18,150,3.25,150,1
2017,L,HI,23,3.34,64,3.13,257,3.07,180,3.03,324,3,266,3.11,150,1
2017,L,HI,23,3.33,195,3.04,222,3.1,236,3.22,315,3.21,150,3.28,150,1
2017,L,HES,22,2.89,200,3.3,262,3.27,280,3.48,288,3.28,200,3.45,269,1
2017,L,HES,22,3.32,135,3.4,104,3.41,150,3.35,217,3.48,140,3.5,41,1
2017,L,HES,23,3.28,148,2.58,206,3.1,213,3.38,193,3.44,150,3.41,150,1
2017,L,HES,23,3.02,116,3.17,179,3.09,10,3.18,297,3.06,140,3.23,54,1
2017,L,HES,23,3.05,86,3.32,200,3.23,20,3.18,260,3.17,149,3.25,51,1
2017,L,HES,23,3,143,2.78,165,3.35,75,3.41,280,3.53,162,3.33,53,1
2017,L,HES,22,2.67,221,3.25,270,3.25,288,3.6,293,3.61,200,3.6,275,1
2017,L,HES,22,2.98,154,3.17,249,3.1,50,3.25,197,3.11,195,3.5,54,1
2017,L,HES,23,3.08,140,2.69,212,3.58,211,3.56,197,3.28,150,3.45,150,1
2017,L,HES,22,3,173,2.73,232,3.25,215,3.42,181,3.36,150,3.45,150,1
2017,L,HES,24,3.09,160,2.96,253,3.05,211,3.33,197,3.33,150,3.45,150,1
2017,L,HES,23,3.08,165,2.59,208,3.15,213,3.16,211,3.14,150,3.48,150,1
2017,L,HES,21,3.41,173,2.85,266,3.34,203,3.44,203,3.39,150,3.48,150,1
2017,L,HES,23,2.78,263,3.13,218,3.25,316,3.31,358,2.9,200,3.3,280,1
2017,L,HES,24,3.23,220,3.34,215,3.5,210,3.45,315,3.42,150,3.58,150,1
2017,L,HES,23,2.82,245,3.27,261,3.23,257,3.34,343,3.28,200,3.4,270,1
2017,L,HES,22,3.11,210,3.38,285,3.5,83,3.38,250,3.31,120,3.3,176,1
2017,L,HES,21,2.82,269,2.97,277,3.23,251,3.43,307,3.5,200,3.38,272,1
2017,L,HES,23,3.11,138,3.38,224,3.35,90,3.35,319,3.38,210,3.43,37,1
2017,L,HES,22,2.68,269,3.25,277,2.82,251,3.05,307,3.19,200,3,272,1
2017,L,HES,23,2.86,224,3.29,207,3.32,307,3.57,303,3.48,200,3.5,272,1
2017,L,HES,22,2.95,145,2.75,208,3.13,218,3.15,178,3.17,150,3.48,150,1
2017,L,HES,22,2.83,223,3.4,277,2.98,306,3.3,286,3.15,200,3.39,270,1
2017,L,HES,25,3,185,3.1,190,3.1,130,3.18,300,3,155,3.18,39,1
2017,L,HES,24,2.75,220,3.14,206,2.73,280,3.08,306,2.85,200,3.15,263,1
2017,L,HES,23,3.08,150,3.21,150,3.13,100,3.11,278,3.19,189,3.3,51,1
2017,L,HES,23,2.95,235,3.15,230,3.08,327,3.5,324,3.33,200,3.45,267,1
2017,L,HES,23,3.14,143,3,205,3.2,209,3.23,199,3.28,150,3.48,150,1
2017,L,ILKOM,22,3.71,293,3.79,298,3.66,208,3.61,187,3.74,150,3.78,150,1
2017,L,ILKOM,22,3.26,107,3.08,153,3.23,245,3.45,223,3.51,126,3.46,150,1
2017,L,ILKOM,21,3.48,128,3.38,215,3.4,180,3.53,205,3.68,211,3.48,150,1
2017,L,ILKOM,22,3.45,150,3.43,150,3.59,209,3.44,166,3.55,150,3.6,150,1
2017,P,PAI,23,3.78,282,3.63,278,3.71,285,3.63,238,3.61,278,3.56,150,1
2017,P,PAI,22,3.48,284,3.4,240,3.54,243,3.54,228,3.5,140,3.58,145,1
2017,P,PAI,22,3.6,198,3.55,320,3.52,375,3.5,350,3.57,366,3.73,374,1
2017,P,PAI,21,3.43,315,3.48,277,3.48,237,3.48,271,3.39,148,3.73,150,1
2017,P,PAI,22,3.48,281,3.63,283,3.44,306,3.46,296,3.64,331,3.63,330,1
2017,P,PAI,23,3.53,261,3.48,246,3.35,247,3.46,232,3.5,110,3.67,150,1
2017,P,PAI,21,3.45,228,3.33,203,3.4,248,3.58,209,3.73,249,3.69,110,1
2017,P,PAI,23,3.1,225,3.4,229,3.38,333,3.4,399,3.59,336,3.46,377,1
2017,P,PAI,22,3.38,299,3.53,150,3.48,260,3.48,280,3.57,150,3.54,150,1
2017,P,PAI,21,3.3,206,3.28,312,3.44,359,3.52,369,3.5,348,3.6,328,1
2017,P,PAI,23,3.68,233,3.53,277,3.69,399,3.54,399,3.7,370,3.69,381,1
2017,P,PAI,24,3.33,287,3.33,299,3.35,334,3.17,346,3.32,345,3.48,318,1
2017,P,PAI,21,3.08,297,3.35,255,3.15,246,3.19,236,3.34,150,3.5,150,1
2017,P,PAI,21,3.4,213,3.55,281,3.44,349,3.6,398,3.66,351,3.67,373,1
2017,P,PAI,24,3.08,354,3.5,355,3.23,320,3.5,372,3.34,110,3.52,135,1
2017,P,PAI,23,3.38,247,3.58,200,3.38,288,3.36,219,3.55,215,3.5,150,1
2017,P,PAI,22,3.55,279,3.43,320,3.5,296,3.6,321,3.57,368,3.48,381,1
2017,P,PAI,22,2.95,300,3.47,289,3.17,222,3.27,284,3.5,130,3.63,125,1
2017,P,PAI,24,3.35,200,3.56,277,3.44,213,3.33,243,3.66,230,3.58,120,1
2017,P,PAI,23,3.58,220,3.55,254,3.44,236,3.54,292,3.61,292,3.71,150,1
2017,P,PAI,23,3.53,330,3.54,305,3.46,293,3.58,308,3.59,150,3.69,150,1
2017,P,PAI,22,3.43,306,3.34,257,3.5,205,3.56,244,3.61,150,3.65,150,1
2017,P,PAI,23,3,276,3.5,232,3.38,227,3.42,251,3.68,110,3.71,150,1
2017,P,PAI,22,3.48,255,3.55,208,3.48,227,3.54,283,3.5,271,3.71,140,1
2017,P,PAI,23,3.48,305,3.58,286,3.5,229,3.58,293,3.68,110,3.67,120,1
2017,P,PAI,23,3.63,220,3.55,345,3.67,309,3.67,383,3.73,387,3.71,365,1
2017,P,PAI,23,3.48,215,3.46,227,3.6,227,3.4,201,3.61,228,3.58,150,1
2017,P,PAI,23,3.7,240,3.63,255,3.52,198,3.38,178,3.55,178,3.65,110,1
2017,P,PAI,22,3.4,183,3.38,319,3.46,369,3.42,397,3.57,386,3.58,373,1
2017,P,PAI,21,3.2,255,3.43,222,3.38,236,3.48,193,3.52,206,3.73,150,1
2017,P,PAI,23,3.45,250,3.56,255,3.44,197,3.48,215,3.48,150,3.58,150,1
2017,P,PAI,22,3.63,244,3.63,225,3.63,301,3.6,363,3.57,253,3.5,331,1
2017,P,PAI,22,3.25,140,3.47,240,3.27,269,3.33,185,3.59,257,3.65,315,1
2017,P,PAI,22,3.25,245,3.3,320,3.42,332,3.4,253,3.61,328,3.69,304,1
2017,P,PAI,22,3.43,197,3.58,208,3.5,193,3.54,215,3.48,260,3.65,214,1
2017,P,PAI,24,3.68,185,3.45,165,3.52,210,3.38,266,3.3,328,3.48,271,1
2017,P,PAI,23,3,245,3.25,208,3.13,265,3.19,230,3.39,250,3.38,261,1
2017,P,PAI,22,3.38,148,3.48,222,3.33,217,3.5,185,3.55,236,3.69,242,1
2017,P,PAI,22,2.83,207,3.38,218,3.13,202,2.98,180,3.43,191,3.58,252,1
2017,P,PAI,21,3.33,237,3.35,183,3.31,180,3.38,170,3.48,207,3.6,229,1
2017,P,PAI,22,3.5,200,3.45,197,3.52,190,3.56,189,3.55,255,3.67,227,1
2017,P,PAI,22,3.53,235,3.5,222,3.5,235,3.31,214,3.61,278,3.71,199,1
2017,P,PAI,22,3.3,132,3.38,138,3.35,195,3.38,208,3.75,192,3.56,230,1
2017,P,PAI,24,3.55,177,3.4,192,3.52,215,3.56,218,3.64,278,3.63,276,1
2017,P,PAI,23,3.53,130,3.53,134,3.52,245,3.35,230,3.57,280,3.56,342,1
2017,P,PAI,23,3.65,239,3.55,238,3.48,272,3.42,213,3.55,289,3.63,310,1
2017,P,PAI,22,3.63,242,3.4,235,3.54,277,3.65,227,3.52,315,3.67,322,1
2017,P,PAI,23,3.28,150,3.38,215,3.19,215,3.23,232,3.39,259,3.52,305,1
2017,P,PAI,21,3.05,213,3.44,248,3.17,272,3.19,220,3.57,267,3.54,233,1
2017,P,PAI,22,3,152,3.28,233,3.31,264,3.48,203,3.55,263,3.63,305,1
2017,P,PAI,21,3.18,183,3.33,193,3.27,195,3.4,238,3.48,262,3.54,255,1
2017,P,PAI,23,3.05,122,3.45,216,3.31,257,3.19,200,3.41,267,3.65,287,1
2017,P,PAI,22,3.3,115,3.53,125,3.52,210,3.5,215,3.8,220,3.44,210,1
2017,P,PAI,23,3.4,152,3.6,181,3.44,202,3.35,243,3.52,214,3.67,252,1
2017,P,PAI,23,3.43,243,3.53,205,3.44,200,3.23,223,3.45,253,3.5,233,1
2017,P,PAI,23,3.4,293,3.43,260,3.4,206,3.38,193,3.52,227,3.52,256,1
2017,P,PAI,22,3.03,157,3.5,243,3.31,180,3.38,218,3.55,250,3.52,261,1
2017,P,PAI,22,3.5,122,3.43,172,3.52,160,3.4,201,3.5,220,3.65,222,1
2017,P,PAI,22,3.5,241,3.4,245,3.54,265,3.48,203,3.64,258,3.67,255,1
2017,P,PAI,22,3.6,304,3.5,345,3.44,340,3.52,237,3.52,321,3.65,350,1
2017,P,PAI,22,3.7,152,3.65,200,3.58,218,3.63,172,3.57,259,3.67,245,1
2017,P,PAI,22,3.35,193,3.43,200,3.38,180,3.54,218,3.8,221,3.67,196,1
2017,P,PAI,23,3.08,147,3.38,217,3.17,252,3.13,220,3.39,297,3.27,255,1
2017,P,PAI,24,3.53,134,3.48,181,3.58,200,3.73,170,3.73,258,3.79,306,1
2017,P,PAI,22,3.33,202,3.48,233,3.27,228,3.44,210,3.43,233,3.69,255,1
2017,P,PAI,22,3.28,182,3.45,176,3.44,221,3.46,213,3.68,241,3.75,205,1
2017,P,PAI,23,3.58,172,3.55,248,3.67,253,3.73,200,3.82,235,3.88,312,1
2017,P,PAI,22,2.85,184,3.38,196,3.25,250,2.98,220,3.45,308,3.54,310,1
2017,P,PAI,22,3.23,243,3.45,218,3.46,240,3.23,180,3.68,263,3.67,244,1
2017,P,PAI,22,3.47,282,3.48,238,3.43,327,3.46,265,3.66,332,3.85,358,1
2017,P,PAI,22,3.5,232,3.58,232,3.56,255,3.58,219,3.73,236,3.71,309,1
2017,P,PAI,23,3.75,112,3.6,197,3.54,220,3.52,187,3.75,260,3.71,292,1
2017,P,PAI,23,3.63,207,3.45,176,3.35,295,3.58,260,3.39,300,3.69,330,1
2017,P,PAI,21,3.55,200,3.48,218,3.31,220,3.6,228,3.5,223,3.6,223,1
2017,P,PAI,22,3.6,202,3.48,210,3.35,198,3.42,200,3.55,208,3.31,252,1
2017,P,PAI,22,3.43,296,3.35,275,3.35,290,3.19,220,3.57,315,3.56,307,1
2017,P,PAI,23,3.7,172,3.48,225,3.52,220,3.38,233,3.64,272,3.73,303,1
2017,P,PAI,23,3.43,172,3.5,229,3.52,282,3.38,275,3.57,339,3.52,308,1
2017,P,PAI,22,3.3,148,3.55,277,3.4,212,3.58,230,3.52,250,3.56,348,1
2017,P,PAI,23,3.43,198,3.53,215,3.46,180,3.5,186,3.73,240,3.79,215,1
2017,P,PAI,23,3.3,213,3.38,202,3.54,271,3.35,220,3.59,250,3.54,316,1
2017,P,PAI,22,3.75,198,3.55,219,3.56,210,3.65,230,3.45,262,3.33,265,1
2017,P,PAI,22,2.78,152,3.35,195,3.21,162,2.98,162,3.45,200,3.52,213,1
2017,P,PAI,23,3.25,151,3.38,200,3.52,212,3.52,203,3.48,225,3.56,243,1
2017,P,PAI,23,3.63,243,3.5,309,3.48,252,3.52,203,3.59,212,3.69,215,1
2017,P,GIZI,24,3.18,147,3.13,216,3.15,214,3.25,227,3.48,307,3.67,205,1
2017,P,GIZI,22,3.42,200,3.36,200,3.43,294,3.58,252,3.76,277,3.75,205,1
2017,P,GIZI,23,3.26,255,3.46,200,3.39,210,3.56,212,3.63,277,3.72,330,1
2017,P,GIZI,22,3.41,177,3.14,198,3.26,250,3.49,214,3.68,277,3.69,220,1
2017,P,GIZI,22,3.45,225,3.56,200,3.42,203,3.66,255,3.83,267,3.77,200,1
2017,P,GIZI,24,3.28,179,3.37,180,3.3,277,3.4,252,3.5,245,3.65,201,1
2017,P,GIZI,22,3.16,147,3.23,188,3.14,209,3.36,224,3.6,270,3.58,210,1
2017,P,GIZI,22,3.32,233,3.19,190,3.27,200,3.47,212,3.51,200,3.57,266,1
2017,P,GIZI,23,3.3,224,3.33,283,3.24,268,3.44,252,3.4,287,3.58,240,1
2017,P,GIZI,23,3.22,189,3.23,223,3.26,200,3.22,272,3.66,277,3.61,230,1
2017,P,GIZI,21,3.08,162,3.35,228,3,250,3.11,249,3.4,325,3.67,240,1
2017,P,GIZI,23,3.35,197,3.42,213,3.32,236,3.53,226,3.68,280,3.72,235,1
2017,P,GIZI,22,3.15,167,3.07,145,3.17,202,3.38,212,3.68,265,3.58,205,1
2017,P,GIZI,23,3.25,246,3.1,242,3.33,272,3.26,252,3.39,287,3.53,245,1
2017,P,GIZI,23,3.36,175,3.31,200,3.27,205,3.5,224,3.75,285,3.75,220,1
2017,P,GIZI,21,3.09,137,3.04,112,2.89,233,3.05,212,3,287,3.33,215,1
2017,P,GIZI,23,3.35,224,3.42,243,3.11,235,3.3,232,3.51,297,3.64,202,1
2017,P,GIZI,22,3.2,169,3.18,115,3.12,224,3.26,232,3.5,295,3.56,210,1
2017,P,GIZI,25,3.14,182,3.18,190,2.92,200,3.2,257,3.39,240,3.58,235,1
2017,P,GIZI,23,3.43,219,3.58,210,3.33,217,3.56,203,3.91,267,3.72,230,1
2017,P,GIZI,23,3.41,160,3.58,225,3.49,204,3.63,202,3.68,280,3.7,260,1
2017,P,GIZI,21,3.27,278,3.31,284,3.37,305,3.48,345,3.74,300,3.72,375,1
2017,P,GIZI,23,3.4,155,3.5,215,3.36,215,3.68,254,3.83,242,3.67,247,1
2017,P,GIZI,23,3.11,177,3.36,222,3.13,220,3.32,214,3.18,249,3.48,240,1
2017,P,GIZI,23,3.22,177,3.27,,2.96,235,3.42,212,3.46,280,3.63,250,1
2017,P,PBA,23,3.3,150,3.41,150,3.52,150,3.44,150,3.32,204,3.68,226,1
2017,P,PBA,22,3.4,150,3.55,202,3.59,225,3.48,220,3.34,220,3.64,280,1
2017,P,PBA,23,3.6,297,3.65,223,3.64,299,3.57,290,3.48,150,3.82,250,1
2017,P,PBA,22,3.68,150,3.63,215,3.68,200,3.5,200,3.48,200,3.61,265,1
2017,P,PBA,23,3.73,304,3.6,385,3.7,312,3.8,269,3.68,150,3.93,246,1
2017,P,PBA,22,3.25,150,3.25,150,3.65,267,3.44,150,3.34,150,3.66,250,1
2017,P,PBA,22,3.5,240,3.65,298,3.66,329,3.52,349,3.45,340,3.7,235,1
2017,P,PBA,21,3.48,279,3.63,270,3.55,274,3.52,251,3.36,150,3.75,255,1
2017,P,PBA,22,3.3,150,3.3,207,3.45,283,3.5,274,3.57,274,3.7,233,1
2017,P,PBA,23,3.53,254,3.6,313,3.68,321,3.48,399,3.57,387,3.77,252,1
2017,P,PBA,22,3.73,286,3.53,275,3.75,257,3.66,271,3.66,150,3.84,252,1
2017,P,PBA,22,3.53,150,3.48,228,3.59,261,3.75,204,3.48,204,3.75,220,1
2017,P,PBA,25,3.53,150,3.5,239,3.39,268,3.52,229,3.73,229,3.57,216,1
2017,P,PBA,22,3.75,150,3.6,312,3.68,310,3.73,239,3.82,239,3.84,150,1
2017,P,PBA,21,3.55,150,3.58,292,3.59,333,3.68,399,3.43,295,3.75,150,1
2017,P,PBA,22,3.5,150,3.5,210,3.54,220,3.46,201,3.18,284,3.59,150,1
2017,P,PBA,22,3.73,150,3.83,245,3.73,240,3.7,203,3.73,203,3.73,281,1
2017,P,PBA,23,3.48,150,3.53,150,3.34,150,3.41,150,3.57,150,3.52,150,1
2017,P,PBA,21,3.35,210,3.38,339,3.39,391,3.42,342,3.73,357,3.66,150,1
2017,P,PBA,22,3.55,305,3.68,277,3.7,276,3.77,269,3.77,150,3.73,349,1
2017,P,PBA,23,3.35,150,3.28,150,3.36,268,3.48,268,3.61,268,3.64,150,1
2017,P,PBA,22,3.63,105,3.63,65,3.8,217,3.77,200,3.52,303,3.8,150,1
2017,P,PBA,21,3.7,265,3.73,242,3.66,284,3.68,255,3.55,285,3.8,150,1
2017,P,PBA,20,3.73,257,3.58,150,3.66,234,3.55,210,3.43,300,3.75,150,1
2017,P,PBA,24,3.33,240,3.53,277,3.45,296,3.5,300,3.8,322,3.64,349,1
2017,P,PBA,22,3.45,132,3.4,187,3.57,214,3.5,210,3.66,287,3.66,150,1
2017,P,PBA,25,3.83,250,3.7,244,3.77,244,3.66,262,3.59,320,3.64,150,1
2017,P,PBA,22,3.8,122,3.53,139,3.48,274,3.57,225,3.75,273,3.57,150,1
2017,P,PBA,20,3.43,170,3.45,140,3.41,219,3.39,200,3.66,230,3.68,375,1
2017,P,PBA,22,3.7,281,3.55,266,3.52,320,3.55,282,3.7,300,3.8,150,1
2017,P,PBA,22,3.53,278,3.65,246,3.61,310,3.68,245,3.77,332,3.8,150,1
2017,P,PBA,21,3.63,272,3.63,227,3.68,311,3.75,290,3.7,290,3.73,252,1
2017,P,PBA,23,3.45,237,3.6,214,3.66,269,3.36,286,3.41,319,3.7,335,1
2017,P,PBA,22,3.63,181,3.58,249,3.52,220,3.7,210,3.7,283,3.7,315,1
2017,P,PBA,22,3.55,215,3.63,209,3.61,314,3.55,250,3.61,300,3.59,352,1
2017,P,PBA,21,3.55,250,3.41,219,3.75,335,3.42,290,3.5,310,3.93,375,1
2017,P,PBA,24,3.35,227,3.43,153,3.45,255,3.41,210,3.61,315,3.64,305,1
2017,P,PBA,22,3.7,177,3.48,203,3.52,259,3.5,220,3.73,230,3.66,295,1
2017,P,PBA,22,3.43,197,3.73,170,3.77,255,3.8,212,3.75,277,3.77,230,1
2017,P,PBA,24,3.53,247,3.43,219,3.43,249,3.39,235,3.64,288,3.59,352,1
2017,P,PBA,22,3.7,176,3.4,202,3.64,214,3.58,270,3.8,272,3.66,315,1
2017,P,PBA,23,3.43,187,3.4,192,3.41,246,3.52,200,3.68,280,3.59,295,1
2017,P,PBA,23,3.41,232,3.36,157,3.33,246,3.21,210,3.66,283,3.57,288,1
2017,P,PBA,25,3.48,172,3.4,200,3.41,208,3.45,230,3.66,225,3.59,235,1
2017,P,PBA,24,3.6,170,3.48,152,3.57,217,3.52,205,3.7,245,3.7,310,1
2017,P,PBA,21,3.68,280,3.58,254,3.64,294,3.7,259,3.77,294,3.89,312,1
2017,P,PBA,22,3.45,147,3.6,,3.77,226,3.59,210,3.52,255,3.75,300,1
2017,P,PBA,21,3.35,210,3.25,174,3.75,244,3.5,210,3.34,285,3.84,305,1
2017,P,SAA,21,3.42,295,3.41,299,3.4,274,3.48,294,3.7,357,3.44,290,1
2017,P,SAA,24,3.47,215,3.36,248,3.4,250,3.59,256,3.72,305,3.61,312,1
2017,P,SAA,23,3.39,282,3.32,338,3.56,277,3.59,280,3.66,150,3.63,270,1
2017,P,SAA,22,3.47,202,3.43,292,3.42,319,3.59,258,3.67,365,3.72,280,1
2017,P,SAA,23,3.53,369,3.41,340,3.59,345,3.76,227,3.63,150,3.75,265,1
2017,P,SAA,24,3.25,200,3.36,237,3.48,251,3.47,280,3.49,280,3.5,310,1
2017,P,SAA,23,3.53,298,3.41,292,3.56,282,3.56,290,3.74,160,3.47,310,1
2017,P,SAA,22,3.44,306,3.36,275,3.51,268,3.38,294,3.49,150,3.55,270,1
2017,P,SAA,22,3.47,318,3.36,325,3.51,251,3.42,266,3.55,150,3.53,261,1
2017,P,SAA,22,3.5,218,3.45,214,3.74,250,3.76,299,3.01,377,3.68,270,1
2017,P,SAA,22,3.53,254,3.43,259,3.51,240,3.33,231,3.66,231,3.53,150,1
2017,P,SAA,22,3.22,227,3.36,267,3.59,208,3.58,205,3.49,205,3.66,150,1
2017,P,SAA,21,3.36,272,3.41,310,3.48,265,3.48,291,3.41,150,3.43,150,1
2017,P,SAA,22,3.33,302,3.32,254,3.55,308,3.42,295,3.43,357,3.44,388,1
2017,P,SAA,22,3.36,266,3.39,280,3.55,322,3.52,399,3.51,362,3.49,375,1
2017,P,SAA,22,3.5,201,3.64,232,3.61,210,3.76,277,3.75,277,3.82,150,1
2017,P,SAA,22,3.47,226,3.59,218,3.36,213,3.7,200,3.49,200,3.42,150,1
2017,P,SAA,24,3.14,210,3.32,242,3.49,202,3.41,200,3.39,198,3.51,150,1
2017,P,SAA,23,3.36,251,3.3,218,3.42,308,3.4,384,3.61,368,3.57,375,1
2017,P,SAA,21,3.47,257,3.41,215,3.39,219,3.16,255,3.41,317,3.51,367,1
2017,P,SAA,23,3.47,246,3.43,193,3.22,200,3,212,3.59,205,3.52,237,1
2017,P,SAA,22,3.47,231,3.5,178,3.59,204,3.51,202,3.47,204,3.57,221,1
2017,P,SAA,22,3.28,246,3.41,205,3.67,200,3.35,202,3.49,205,3.6,216,1
2017,P,SAA,22,3.56,214,3.64,178,3.5,200,3.81,202,3.62,201,3.66,221,1
2017,P,SAA,21,3.33,229,3.57,178,3.68,200,3.77,202,3.42,222,3.6,232,1
2017,P,SAA,21,3.25,219,3.52,178,3.76,200,3.82,212,3.72,205,3.83,224,1
2017,P,SAA,23,3.36,217,3.55,181,3.44,200,3.53,202,3.42,205,3.72,224,1
2017,P,SAA,21,3.42,234,3.48,218,3.4,200,3.39,202,3.51,205,3.53,224,1
2017,P,SAA,24,3.31,242,3.32,188,3.48,209,3.44,205,3.51,227,3.47,224,1
2017,P,SAA,24,3.5,260,3.57,193,3.52,200,3.69,202,3.7,211,3.53,234,1
2017,P,SAA,22,3.5,214,3.7,210,3.8,208,3.81,205,3.74,205,3.81,234,1
2017,P,SAA,22,3.47,241,3.39,218,3.51,200,3.44,202,3.51,203,3.59,237,1
2017,P,SAA,21,3.33,283,3.34,209,3.55,200,3.5,205,3.59,205,3.55,224,1
2017,P,SAA,23,3.42,217,3.43,206,3.43,200,3.58,202,3.57,211,3.47,214,1
2017,P,SAA,22,3.33,204,3.34,181,3.56,200,3.56,202,3.53,201,3.63,221,1
2017,P,SAA,26,3.39,246,3.32,206,3.55,200,3.28,205,3.51,210,3.52,224,1
2017,P,SAA,22,3.58,218,3.77,183,3.78,200,3.86,205,3.89,210,3.69,224,1
2017,P,SAA,24,3.19,234,3.36,270,3.2,212,3.53,202,3.43,253,3.36,236,1
2017,P,SAA,23,3.28,252,3.34,180,3.48,211,3.53,202,3.22,203,3.6,221,1
2017,P,SAA,22,3.33,229,3.34,241,3.51,222,3.53,202,3.71,205,3.6,224,1
2017,P,SAA,22,3.36,214,3.3,181,3.47,200,3.67,202,3.28,205,3.58,231,1
2017,P,SAA,23,3.44,246,3.41,181,3.53,210,3.36,202,3.56,201,3.53,236,1
2017,P,SAA,22,3.33,224,3.41,183,3.56,200,3.44,202,3.63,220,3.63,224,1
2017,P,SAA,22,3.39,251,3.34,181,3.53,200,3.31,202,3.54,201,3.5,221,1
2017,P,SAA,22,3.17,247,3.18,233,3.44,205,3.57,202,3.13,205,3.3,221,1
2017,P,AFI,23,3.55,258,3.78,339,3.48,259,3.77,262,3.35,150,3.63,150,1
2017,P,AFI,24,3.3,256,3.5,202,3.11,245,3.61,249,3.09,245,3.39,140,1
2017,P,AFI,21,3.39,247,3.64,281,3.31,265,3.57,204,2.98,150,3.36,150,1
2017,P,AFI,23,3.33,217,3.46,282,3.25,294,3.48,304,3.01,150,3.51,320,1
2017,P,AFI,22,3.3,219,3.41,272,3.17,392,3.46,301,3,150,3.29,364,1
2017,P,AFI,22,3.3,210,3.5,228,3.08,307,3.71,322,3.22,150,3.24,265,1
2017,P,AFI,21,3.57,215,3.44,198,3.35,217,3.48,205,3.09,217,3.48,150,1
2017,P,AFI,22,3.36,258,3.39,218,3.21,210,3.62,244,3.02,210,3.04,150,1
2017,P,FARMASI,22,3.17,265,3.13,300,3.07,352,3.38,327,3.39,345,3.42,365,1
2017,P,FARMASI,23,3.15,167,3.13,235,3.18,248,3.25,222,3.41,295,3.43,261,1
2017,P,FARMASI,22,3.25,230,3.25,277,3.33,305,3.46,280,3.5,339,3.5,318,1
2017,P,FARMASI,21,3.22,232,3.45,218,3.15,210,3.27,227,3.35,255,3.5,248,1
2017,P,FARMASI,22,3.13,225,3.35,246,3.15,237,3.24,227,3.34,317,3.41,300,1
2017,P,FARMASI,21,3.45,200,3.18,200,3.35,200,3.23,215,3.52,305,3.45,285,1
2017,P,FARMASI,23,3.13,214,3.06,210,3.15,200,3.16,220,3.32,235,3.42,290,1
2017,P,FARMASI,21,3.69,175,3.78,163,3.58,200,3.53,242,3.63,265,3.43,297,1
2017,P,FARMASI,21,3.19,118,3.43,205,3.13,305,3.1,241,3.28,325,3.34,335,1
2017,P,FARMASI,22,2.86,223,3.49,220,2.86,210,3.05,215,3.22,305,3.14,302,1
2017,P,FARMASI,21,3.79,106,3.36,160,3.55,210,3.65,207,3.52,203,3.64,202,1
2017,P,FARMASI,23,3.24,174,3.35,125,3.5,205,3.43,245,3.53,260,3.51,260,1
2017,P,FARMASI,21,3.44,155,2.73,205,3.35,200,3.43,221,3.43,290,3.43,254,1
2017,P,FARMASI,24,3.39,162,3.61,220,3.49,234,3.73,215,3.72,230,3.63,256,1
2017,P,FARMASI,23,3.1,231,2.6,168,3.1,221,3.13,245,3.36,311,3.43,287,1
2017,P,FARMASI,23,3.13,165,2.93,190,2.95,200,2.95,200,3.18,230,3.21,203,1
2017,P,FARMASI,23,3.18,212,2.98,245,2.99,295,3.07,200,3.18,208,3.34,230,1
2017,P,FARMASI,22,3.35,129,3.07,213,3.21,222,3.59,220,3.61,342,3.53,254,1
2017,P,FARMASI,22,2.95,290,2.95,300,2.93,333,3.02,272,3.16,365,3.29,332,1
2017,P,FARMASI,22,3.4,160,3.69,230,3.33,235,3.39,200,3.48,325,3.41,319,1
2017,P,FARMASI,23,2.93,153,2.84,175,3,210,3.03,240,3.14,205,3.37,211,1
2017,P,FARMASI,22,3.32,239,3.23,243,2.98,288,3.05,307,3.31,335,3.34,320,1
2017,P,FARMASI,22,3.16,217,2.91,230,3.13,265,2.96,262,3.11,247,3.32,245,1
2017,P,FARMASI,23,3.18,177,3.31,220,3.05,205,3.14,260,3.36,235,3.29,263,1
2017,P,FARMASI,23,3.09,185,3.36,190,3.04,200,2.96,200,3.16,245,3.42,230,1
2017,P,FARMASI,23,3.46,190,3.38,183,3.31,206,3.65,272,3.5,297,3.54,276,1
2017,P,FARMASI,23,3.45,167,3.03,220,3.13,200,3.25,202,3.26,305,3.39,249,1
2017,P,FARMASI,22,3.51,245,3.05,205,3.25,200,3.48,222,3.48,275,3.36,213,1
2017,P,FARMASI,22,3.14,177,3.3,175,3.05,200,3.25,215,3.31,225,3.29,209,1
2017,P,FARMASI,22,3.34,255,3.42,217,3.07,205,3.25,242,3.44,325,3.43,321,1
2017,P,FARMASI,22,3.18,190,2.86,203,3.06,205,3.02,252,3.17,310,3.37,280,1
2017,P,FARMASI,23,3.41,205,3.23,190,3.44,210,3.6,215,3.44,275,3.66,300,1
2017,P,FARMASI,22,3.38,208,3.05,216,3.33,245,3.41,234,3.49,334,3.5,319,1
2017,P,FARMASI,22,3.19,227,2.98,110,3.18,220,3.54,201,3.45,287,3.51,280,1
2017,P,FARMASI,23,3.43,210,2.57,245,3.23,250,3.48,227,3.49,312,3.51,295,1
2017,P,FARMASI,22,3.17,222,2.69,50,3.21,220,3.38,215,3.49,250,3.41,258,1
2017,P,FARMASI,25,3.15,220,3.05,243,3.18,210,3.04,220,3.3,285,3.26,220,1
2017,P,FARMASI,23,3.04,189,2.8,243,3.02,225,2.88,222,3.28,300,3.18,207,1
2017,P,FARMASI,22,3.41,208,3.25,220,3.21,255,3.47,285,3.41,320,3.41,328,1
2017,P,FARMASI,23,3.38,221,3.19,190,3.24,201,3.27,285,3.41,255,3.34,244,1
2017,P,FARMASI,22,3.81,256,3.84,250,3.45,240,3.8,262,3.67,300,3.63,300,1
2017,P,FARMASI,21,3.06,212,3.66,210,2.98,230,3.17,209,3.24,245,3.32,210,1
2017,P,FARMASI,23,3,207,3.4,220,3.18,210,3.12,205,3.25,255,3.29,206,1
2017,P,FARMASI,22,3.28,176,3.09,115,3.2,200,3.33,210,3.47,200,3.63,205,1
2017,P,FARMASI,23,3.17,227,3.38,196,3.2,225,3.21,201,3.32,285,3.39,246,1
2017,P,FARMASI,23,3.58,182,3.72,193,3.38,210,3.52,205,3.64,220,3.47,243,1
2017,P,FARMASI,23,3.21,142,2.91,140,2.99,224,3.04,220,3.17,215,3.32,216,1
2017,P,FARMASI,22,3.29,233,3.06,240,3.25,310,3.5,230,3.53,285,3.61,246,1
2017,P,FARMASI,21,3.4,202,2.8,233,3.05,265,3.23,230,3.19,270,3.39,213,1
2017,P,FARMASI,22,3.28,190,3.5,170,3.17,210,3.26,238,3.3,228,3.38,245,1
2017,P,FARMASI,23,3.31,152,3.27,225,3.08,205,3.01,215,3.31,305,3.34,205,1
2017,P,FARMASI,22,3.39,230,3.59,193,3.07,210,3.27,200,3.26,205,3.3,272,1
2017,P,FARMASI,24,3.35,167,3.2,130,3.36,200,3.49,203,3.5,222,3.5,220,1
2017,P,FARMASI,23,3.3,260,3.48,260,3.19,342,3.26,314,3.39,327,3.34,315,1
2017,P,FARMASI,23,3.24,238,3.06,235,3.18,230,3.15,245,3.16,265,3.32,275,1
2017,P,IQT,23,3.38,150,3.48,150,3.37,150,3.45,150,3.56,150,3.71,150,1
2017,P,IQT,21,2.95,252,3.55,315,3.08,237,3.26,289,3.17,150,3.54,150,1
2017,P,IQT,22,3.4,150,3.43,150,3.68,150,3.37,150,3.48,150,3.73,150,1
2017,P,IQT,22,3.29,150,3.33,150,3.22,150,3.34,150,3.25,150,3.49,150,1
2017,P,IQT,22,2.85,301,3.43,277,3.48,221,3.23,320,3.27,150,3.43,150,1
2017,P,IQT,22,3.05,297,3.68,307,3.55,229,3.23,344,3.32,150,3.6,150,1
2017,P,IQT,22,3.28,262,3.33,261,3.42,210,3.18,224,3.29,212,3.43,170,1
2017,P,IQT,23,3.08,233,3.48,246,3.46,220,3.26,233,3.35,220,3.51,150,1
2017,P,IQT,22,3.3,150,3.53,150,3.47,150,3.4,150,3.27,150,3.72,150,1
2017,P,IQT,23,3.05,206,3.48,201,3.56,225,3.42,221,3.37,225,3.59,150,1
2017,P,IQT,23,3.25,303,3.55,339,3.54,339,3.4,310,3.42,384,3.67,150,1
2017,P,IQT,21,3.1,150,3.45,150,3.44,150,3.2,150,3.39,150,3.64,150,1
2017,P,IQT,21,3.4,290,3.58,315,3.49,339,3.52,332,3.54,397,3.71,150,1
2017,P,IQT,26,3.18,302,3.05,292,3.05,236,3.27,342,3.02,150,3.39,150,1
2017,P,IQT,22,2.88,150,3.35,150,3.44,150,3.36,150,3.38,150,3.64,150,1
2017,P,IQT,22,3.38,210,3.48,217,3.51,207,3.45,201,3.37,207,3.7,150,1
2017,P,IQT,22,3.18,211,3.33,220,3.31,248,3.12,221,3.19,248,3.54,150,1
2017,P,IQT,21,2.83,150,3.48,150,3.61,150,3.29,150,3.39,150,3.6,150,1
2017,P,IQT,24,3.35,150,3.48,150,3.59,150,3.31,150,3.5,150,3.74,150,1
2017,P,IQT,22,3.05,208,3.58,314,3.64,230,3.37,275,3.38,230,3.6,150,1
2017,P,IQT,22,3.23,150,3.5,150,3.4,150,3.23,150,3.2,150,3.47,150,1
2017,P,IQT,22,3.03,208,3.63,208,3.49,243,3.18,213,3.36,243,3.68,150,1
2017,P,IQT,20,3.32,250,3.31,243,3.5,208,3.46,384,3.42,150,3.59,150,1
2017,P,IQT,22,2.75,150,3.55,150,3.42,150,3.14,150,3.3,150,3.5,150,1
2017,P,IQT,22,3.1,256,3.35,232,3.53,220,3.12,315,3.38,150,3.72,150,1
2017,P,IQT,23,2.73,223,3.33,300,3.22,323,3.02,368,3.08,150,3.41,150,1
2017,P,IQT,23,3.3,205,3.58,241,3.53,237,3.39,200,3.46,237,3.65,150,1
2017,P,IQT,25,3,204,3.48,230,3.33,204,3.19,203,3.27,204,3.41,150,1
2017,P,IQT,22,3.42,150,3.53,264,2.96,269,3.24,245,3.33,280,3.58,226,1
2017,P,IQT,23,2.98,223,3.45,228,3.39,328,3.18,379,3.37,398,3.48,150,1
2017,P,PM,21,3.58,302,3.83,274,3.75,355,3.48,336,3.68,368,3.58,370,1
2017,P,PM,22,3.5,283,3.5,279,3.48,221,3.19,264,3.41,150,3.48,150,1
2017,P,PM,22,3.5,282,3.45,203,3.57,200,3.27,236,3.43,150,3.55,150,1
2017,P,PM,22,3.68,207,3.67,206,3.66,190,3.27,213,3.55,150,3.48,150,1
2017,P,PM,21,3.68,268,3.6,344,3.41,338,3.54,387,3.61,369,3.58,342,1
2017,P,PM,22,3.55,290,3.5,295,3.57,299,3.19,232,3.39,150,3.65,150,1
2017,P,PM,21,3.55,200,3.48,208,3.57,225,3.35,224,3.48,150,3.63,150,1
2017,P,PM,23,3.63,226,3.73,142,3.61,260,3.31,333,3.64,150,3.6,150,1
2017,P,PM,21,3.55,235,3.7,255,3.52,280,3.48,284,3.55,387,3.53,365,1
2017,P,PM,23,3.57,280,3.59,223,3.42,175,3.5,247,3.55,150,3.58,150,1
2017,P,EI,23,3.65,250,2.8,215,3.42,220,3.75,280,3.56,280,3.32,150,1
2017,P,EI,22,3.66,221,3.7,325,3.53,381,3.59,399,3.53,150,3.56,150,1
2017,P,EI,21,3.39,255,3.13,220,3.64,316,3.5,300,3.53,300,3.67,150,1
2017,P,EI,23,3.6,222,3.35,208,3.54,250,3.72,317,3.47,317,3.75,150,1
2017,P,EI,22,3.61,332,3.54,241,3.65,297,3.69,245,3.56,150,3.75,150,1
2017,P,EI,21,3.66,270,3.71,234,3.49,267,3.66,245,3.59,245,3.71,150,1
2017,P,EI,22,3.56,262,3.65,230,3.69,260,3.81,333,3.66,333,3.75,150,1
2017,P,EI,23,3.41,255,3.31,298,3.47,345,3.69,399,3.44,150,3.46,150,1
2017,P,EI,22,3.44,286,3.59,349,3.57,349,3.78,337,3.5,150,3.64,150,1
2017,P,EI,22,3.59,215,3.39,206,3.33,298,3.56,310,3.44,310,3.64,150,1
2017,P,EI,23,3.46,202,3.5,160,3.65,243,3.53,280,3.5,280,3.58,150,1
2017,P,EI,24,3.53,208,3.53,100,3.77,205,3.69,200,3.63,200,3.75,150,1
2017,P,EI,23,3.46,256,3.41,274,3.66,284,3.53,363,3.44,150,3.71,150,1
2017,P,EI,22,3.46,226,3.43,267,3.55,217,3.59,220,3.28,220,3.4,150,1
2017,P,EI,23,3.43,157,3.26,218,3.59,245,3.56,217,3.41,245,3.71,206,1
2017,P,EI,23,3.66,222,3.5,205,3.66,216,3.69,255,3.44,275,3.63,258,1
2017,P,EI,22,3.73,237,3.6,296,3.6,216,3.72,249,3.53,270,3.68,260,1
2017,P,EI,23,3.61,277,3.49,213,3.64,267,3.63,270,3.44,300,3.78,272,1
2017,P,EI,23,3.58,153,3.55,200,3.44,215,3.88,230,3.53,230,3.81,218,1
2017,P,EI,22,3.54,222,3.48,210,3.58,233,3.72,270,3.41,350,3.46,290,1
2017,P,EI,23,3.51,208,3.66,207,3.59,221,3.72,255,3.53,270,3.35,200,1
2017,P,EI,24,3.64,185,3.45,168,3.59,269,3.69,255,3.44,293,3.65,282,1
2017,P,EI,23,3.25,180,3.46,203,3.48,265,3.53,210,3.34,295,3.58,239,1
2017,P,EI,23,3.3,301,3.3,215,3.72,290,3.56,230,3.5,280,3.69,316,1
2017,P,EI,23,3.66,215,3.44,208,3.34,240,3.59,240,3.53,285,3.49,203,1
2017,P,EI,23,3.6,137,3.5,200,3.28,210,3.66,225,3.38,242,3.5,200,1
2017,P,EI,22,3.5,226,3.38,279,3.27,324,3.59,299,3.53,245,3.49,281,1
2017,P,EI,23,3.51,158,3.46,193,3.65,266,3.66,235,3.47,240,3.83,277,1
2017,P,EI,21,3.64,225,3.66,236,3.61,340,3.69,292,3.63,310,3.79,252,1
2017,P,EI,23,3.35,280,3.64,223,3.66,245,3.59,240,3.63,280,3.61,363,1
2017,P,EI,22,3.43,216,3.48,251,3.71,278,3.63,258,3.53,307,3.61,257,1
2017,P,EI,22,3.4,236,3.33,208,3.56,205,3.59,240,3.31,270,3.67,213,1
2017,P,EI,21,3.36,259,3.41,200,3.55,237,3.63,240,3.5,267,3.71,220,1
2017,P,EI,24,3.56,194,3.45,228,3.65,255,3.66,225,3.5,283,3.79,285,1
2017,P,EI,22,3.46,263,3.42,212,3.63,225,3.69,253,3.66,267,3.78,229,1
2017,P,MNJ,22,3.4,220,3.37,233,3.35,264,3.39,216,3.45,262,3.7,265,1
2017,P,MNJ,23,3.47,187,3.53,209,3.46,250,3.48,214,3.6,255,3.72,220,1
2017,P,MNJ,24,3.01,227,2.99,202,3.08,247,3.48,211,3.25,245,3.67,242,1
2017,P,MNJ,22,2.89,170,3.01,200,3.23,215,3.41,190,3.38,220,3.67,200,1
2017,P,MNJ,22,3.51,237,3.29,226,3.43,270,3.64,201,3.42,295,3.69,216,1
2017,P,MNJ,22,3.3,277,3.35,270,3.27,320,3.64,302,3.6,366,3.66,335,1
2017,P,MNJ,21,3.51,283,3.55,219,3.42,292,3.59,209,3.55,303,3.76,255,1
2017,P,MNJ,22,3.27,192,3.18,238,3.35,275,3.63,222,3.33,275,3.56,272,1
2017,P,MNJ,21,3.32,225,3.31,210,3.46,213,3.6,207,3.61,350,3.63,257,1
2017,P,MNJ,22,3.07,167,2.76,205,3.17,200,3.38,202,3.3,275,3.59,200,1
2017,P,MNJ,23,3.65,247,3.54,260,3.57,272,3.6,274,3.76,285,3.7,280,1
2017,P,MNJ,23,3.47,202,3.35,218,3.39,257,3.5,252,3.5,280,3.6,247,1
2017,P,MNJ,24,3.08,222,3.14,205,3.2,255,3.44,204,3.34,292,3.56,297,1
2017,P,MNJ,24,3.18,232,3,220,3.24,315,3.49,252,3.3,300,3.53,300,1
2017,P,MNJ,22,3.43,286,3.43,312,3.53,329,3.69,320,3.66,360,3.7,330,1
2017,P,MNJ,23,3.49,229,3.43,243,3.49,298,3.63,277,3.57,285,3.67,270,1
2017,P,MNJ,22,3.61,285,3.4,242,3.51,290,3.76,202,3.32,265,3.6,220,1
2017,P,MNJ,21,3.16,227,3.33,274,3.46,285,3.47,202,3.41,300,3.51,206,1
2017,P,MNJ,22,3.16,212,3.28,228,3.36,242,3.51,204,3.59,275,3.56,235,1
2017,P,MNJ,22,3.37,230,3.26,220,3.32,235,3.41,204,3.48,295,3.64,202,1
2017,P,MNJ,22,3.51,227,3.28,201,3.39,264,3.57,200,3.41,290,3.66,260,1
2017,P,MNJ,22,3.37,180,3.18,190,3.46,240,3.59,200,3.35,277,3.6,268,1
2017,P,MNJ,23,3.3,177,3.19,203,3.31,210,3.64,205,3.59,250,3.67,225,1
2017,P,HI,22,3.35,197,3.41,200,3.52,220,3.25,200,3.25,310,3.68,239,1
2017,P,HI,21,3.51,234,3.6,203,3.79,260,3.47,232,3.39,294,3.48,286,1
2017,P,HI,22,3.09,137,3.18,,3.13,205,3.03,201,3.32,210,3.24,200,1
2017,P,HI,23,3.36,182,3.4,215,3.59,265,3.44,212,3.36,306,3.55,277,1
2017,P,HI,22,3.28,227,3.7,,3.31,241,3.19,202,3.14,270,3.38,278,1
2017,P,HI,23,3.3,197,3.3,225,3.42,210,3.25,205,3.25,245,3.24,211,1
2017,P,HI,21,3.31,197,3.18,230,3.19,261,3.19,230,3.29,249,3.55,203,1
2017,P,HI,22,3.66,240,3.45,243,3.79,315,3.66,252,3.68,334,3.65,312,1
2017,P,HI,22,3.25,202,3.55,190,3.61,211,3.53,200,3.61,275,3.55,256,1
2017,P,HI,22,3.28,157,3.33,215,3.35,235,3.25,232,3.07,260,3.41,215,1
2017,P,HI,22,3.29,212,3.48,178,3.49,225,3.56,200,3.21,272,3.58,275,1
2017,P,HI,22,3.43,112,3.25,30,3.35,200,3.06,202,3.25,220,3.34,203,1
2017,P,HI,23,3.26,205,3.45,203,3.28,220,3.47,224,3.46,270,3.58,232,1
2017,P,HI,22,3.24,165,3.19,204,3.3,246,3.22,202,3.25,248,3.48,217,1
2017,P,HI,22,3.35,205,3.26,,3.4,225,3.38,217,3.5,290,3.51,284,1
2017,P,HI,23,3.08,127,3.11,183,3.17,200,3.16,204,3.14,210,3.44,225,1
2017,P,HI,23,3.5,195,3.48,205,3.63,267,3.38,243,3.46,250,3.58,257,1
2017,P,HI,21,3.29,130,3.51,148,3.38,201,3.19,195,3.18,200,3.55,214,1
2017,P,HI,22,3.28,155,3.31,203,3.4,255,3.31,212,3.32,287,3.61,248,1
2017,P,HI,23,3.51,295,3.38,200,3.46,315,3.22,292,3.36,305,3.58,294,1
2017,P,HI,23,3.34,190,3.3,210,3.45,249,3.28,222,3.46,270,3.44,265,1
2017,P,HI,21,3.29,155,3.41,180,3.49,220,3.38,222,3.14,230,3.61,222,1
2017,P,HI,24,3.39,203,3.19,235,3.17,200,3.16,203,3.29,260,3.51,201,1
2017,P,HI,23,3.34,180,3.58,155,3.41,275,3.31,239,3.32,255,3.61,222,1
2017,P,HI,21,3.55,205,3.58,208,3.63,208,3.47,201,3.43,224,3.65,242,1
2017,P,HES,22,3.48,282,3.52,324,3.48,259,3.56,215,3.78,150,3.57,150,1
2017,P,HES,22,3.39,220,3.48,278,3.43,322,3.5,397,3.61,387,3.52,378,1
2017,P,HES,23,3.5,237,3.48,226,3.16,339,3.48,288,3.44,369,3.57,319,1
2017,P,HES,23,3.32,316,3.54,369,3.52,241,3.45,204,3.64,150,3.52,150,1
2017,P,HES,22,3.27,200,3.42,203,3.36,230,3.43,202,3.61,202,3.43,150,1
2017,P,HES,21,3.43,260,3.46,204,3.66,205,3.55,205,3.78,256,3.48,150,1
2017,P,HES,22,3.18,210,3.33,210,3.43,216,3.45,215,3.56,256,3.41,150,1
2017,P,HES,22,3.32,205,3.35,205,3.52,205,3.45,195,3.61,218,3.43,150,1
2017,P,HES,22,3.55,225,3.52,225,3.55,214,3.45,210,3.75,252,3.57,150,1
2017,P,HES,21,3.23,253,3.4,253,3.09,263,3.4,352,3.5,379,3.48,383,1
2017,P,HES,23,3.18,278,3.38,278,3.29,216,3.3,293,3.47,387,3.48,364,1
2017,P,HES,22,3.05,220,3.19,220,3.27,200,3.45,170,3.5,213,3.34,150,1
2016,L,PAI,25,3.18,150,3.21,,3.36,213,3.48,224,3.57,268,3.64,205,1
2016,L,PAI,25,3.22,110,3.08,125,3.16,178,3.34,110,3.56,193,3.27,200,1
2016,L,PAI,24,3.2,110,3,198,3.4,170,3.35,190,3.57,130,3.23,145,1
2016,L,PAI,25,3.3,125,2.63,110,3.17,123,2.98,120,3.15,110,3.3,135,1
2016,L,PAI,23,3.23,158,2.96,206,3.19,163,3.32,216,3.38,184,3.34,125,1
2016,L,PAI,25,3.31,218,3.15,110,3.27,184,3.34,178,3.44,225,3.66,145,1
2016,L,PAI,24,3.13,120,2.92,150,3,285,3.34,256,3.32,192,3.23,224,0
2016,L,PAI,23,3.14,288,3.23,232,3.25,257,3.45,198,3.54,216,3.56,120,1
2016,L,PAI,24,3.22,204,3,222,3.25,234,3.34,198,3.54,192,3.71,123,0
2016,L,PAI,23,3.06,123,3.13,110,3,288,3.34,204,3.48,193,3.42,202,1
2016,L,PAI,26,3.19,150,3.15,,3.2,170,3.31,256,3.23,229,3.13,200,0
2016,L,PAI,24,3.03,150,2.84,,3.16,220,3.39,224,3.45,222,3.27,210,0
2016,L,PAI,24,3.18,183,3.13,265,3.41,239,3.52,226,3.63,150,3.59,150,1
2016,L,PAI,23,3.13,120,2.88,150,3.09,243,3.34,252,3.27,115,3.33,187,0
2016,L,PAI,25,3.33,161,3.28,191,3.54,253,3.57,217,3.61,150,3.61,150,1
2016,L,PAI,24,3.15,239,3.05,220,3.27,269,3.52,205,3.61,150,3.5,150,1
2016,L,PAI,25,3.02,150,3.53,150,3.15,150,3.33,207,3.48,150,3.29,193,1
2016,L,PAI,24,3.18,202,2.93,279,3.16,204,3.08,262,3.27,150,3.02,150,1
2016,L,PAI,23,3,169,3.23,207,3.39,206,3.43,175,3.66,150,3.48,150,1
2016,L,PAI,23,3.03,213,3.02,217,3.23,275,3.43,210,3.6,150,3.45,150,1
2016,L,PAI,23,3.25,150,2.96,150,3.36,150,3.45,150,3.61,254,3.59,287,1
2016,L,PAI,24,3.23,120,3,150,3.2,158,3.39,251,3.2,175,3.5,220,0
2016,L,PAI,24,3.13,150,3.1,150,3.32,225,3.48,292,3.36,150,3.59,150,1
2016,L,PAI,24,3.48,150,3.35,150,3.48,181,3.34,319,3.5,248,3.52,314,1
2016,L,PAI,24,3.09,165,3.09,245,3.48,205,3.5,239,3.52,150,3.59,150,1
2016,L,PAI,25,3.15,170,2.89,203,3.25,260,3.35,215,3.32,150,3.13,150,1
2016,L,PAI,24,3.2,150,3.15,150,3.33,140,3.4,246,3.45,206,3.59,178,1
2016,L,PAI,25,3.25,173,3.19,212,3.19,220,3.48,217,3.42,150,3.64,150,1
2016,L,PAI,22,3.11,150,2.9,183,3.23,150,3.45,150,3.34,150,3.61,150,1
2016,L,PAI,23,3.13,150,3.2,180,3.06,150,3.32,150,3.31,150,3.52,150,1
2016,L,PAI,23,3.28,150,3.23,200,3.18,150,3.36,150,3.25,150,3.34,150,1
2016,L,PAI,24,3.03,150,3.15,170,3.23,150,3.29,150,3.5,150,3.23,150,1
2016,L,PAI,22,3.03,258,3.19,275,3.31,262,3.41,258,3.48,150,3.52,150,1
2016,L,PAI,22,3.28,250,3.45,313,3.42,232,3.43,229,3.61,150,3.48,150,1
2016,L,PAI,22,3.16,150,3.13,111,3.25,264,3.5,200,3.43,229,3.56,309,0
2016,L,PAI,23,3.3,216,3.58,269,3.48,225,3.52,249,3.66,150,3.55,150,1
2016,L,PAI,25,2.97,226,3.21,284,3.02,221,3.19,218,3.39,150,3.55,150,1
2016,L,PAI,24,3.2,150,3.23,150,3.38,150,3.43,,3.57,,3.52,,1
2016,L,PAI,24,3.22,150,3.3,118,3.37,248,3.39,220,3.31,239,3.52,80,1
2016,L,PAI,25,3.03,191,3.31,277,3.15,233,3.32,203,3.2,150,3.48,150,0
2016,L,PAI,25,3.15,120,2.96,150,3.09,162,3.15,245,3.23,160,3.44,127,0
2016,L,PAI,23,3.23,220,3.4,240,3.3,191,3.45,178,3.52,192,3.57,140,1
2016,L,PAI,23,3.3,178,3.42,173,3.29,180,3.43,,3.45,110,3.43,125,1
2016,L,PAI,24,3.1,273,3.17,230,3.32,215,3.23,182,3.36,182,3.39,110,1
2016,L,PAI,26,3.38,120,3.4,150,3.36,265,3.43,269,3.43,91,3.67,217,0
2016,L,PAI,24,3.1,120,3.15,150,3.25,213,3.32,210,3.25,84,3.54,219,0
2016,L,PAI,23,3.2,120,3.4,150,3.25,186,3.32,263,3.52,165,3.5,149,0
2016,L,PAI,24,3.33,150,3.5,150,3.31,150,3.52,241,3.73,237,3.57,205,1
2016,L,PAI,26,3.08,150,3.37,150,3.23,150,3.34,150,3.57,215,3.52,234,1
2016,L,PAI,23,3.23,232,3.32,167,3.3,257,3.45,227,3.45,260,3.5,307,1
2016,L,KKK,26,3.33,181,3.27,263,3.03,236,3.68,248,3.65,150,3.59,150,1
2016,L,KKK,27,3.33,179,3.28,247,3.49,279,3.58,225,3.6,150,3.58,150,1
2016,L,KKK,24,3.03,180,3.27,209,3.32,218,3.55,208,3.53,150,3.63,150,1
2016,L,KKK,24,3.6,150,3.39,150,3.56,150,3.73,150,3.63,150,3.73,150,1
2016,L,KKK,25,3.41,150,3.28,150,3.5,150,3.58,260,3.55,236,3.66,236,1
2016,L,KKK,23,3.17,150,3.13,150,3.35,150,3.5,220,3.45,234,3.59,234,1
2016,L,KKK,25,3,150,3.13,207,3.24,180,3.58,150,3.42,273,3.6,150,1
2016,L,KKK,25,3.03,150,2.96,222,3.21,205,3.38,150,3.34,252,3.53,150,1
2016,L,KKK,25,3.26,150,3.26,175,3.36,165,3.5,150,3.4,196,3.63,150,1
2016,L,KKK,23,3.47,150,2.91,202,3.11,190,3.5,150,3.48,213,3.65,150,1
2016,L,KKK,25,3.12,150,3.04,185,3.39,165,3.55,150,3.48,155,3.65,150,1
2016,L,KKK,22,3.32,150,3.22,209,3.33,175,3.68,150,3.5,166,3.65,150,1
2016,L,KKK,24,3.28,150,3.25,194,3.44,165,3.52,150,3.48,182,3.59,150,1
2016,L,KKK,25,3.15,150,3.14,150,3.35,150,3.54,150,3.45,155,3.61,150,1
2016,L,PBA,24,3.34,163,3.2,259,3.3,243,3.25,201,3.43,202,3.61,292,1
2016,L,PBA,23,3.11,155,3.16,251,3.2,200,3.2,187,3.63,231,3.55,288,1
2016,L,PBA,23,3.48,0,3.41,162,3.18,257,3.35,228,3.53,215,3.43,268,1
2016,L,PBA,25,3.3,178,3.35,85,3.38,212,3.18,120,3.41,100,3.48,230,1
2016,L,PBA,23,3.55,0,3.5,199,3.32,241,3.38,288,3.3,213,3.55,165,1
2016,L,PBA,22,3.48,120,3.52,45,3.45,150,3.28,120,3.5,70,3.68,210,0
2016,L,PBA,23,3.25,239,3.25,241,3.33,254,3.38,237,3.61,309,3.59,358,1
2016,L,PBA,25,3.2,160,3.4,249,3.28,195,3.22,227,3.39,243,3.46,289,1
2016,L,PBA,24,3.41,0,3.66,208,3.48,240,3.38,215,3.58,251,3.6,234,1
2016,L,PBA,23,3.5,257,3.45,400,3.47,278,3.3,265,3.5,373,3.75,290,1
2016,L,PBA,24,3.05,0,3.5,173,3.23,212,3.41,207,3.52,208,3.5,201,1
2016,L,PBA,23,3.2,0,3.32,199,3.23,193,3.3,221,3.23,227,3.77,202,1
2016,L,PBA,23,3.32,208,3.5,308,3.25,220,3.2,214,3.53,211,3.68,290,1
2016,L,PBA,23,3.23,120,3.23,266,3.23,249,3.25,172,3.65,286,3.66,262,1
2016,L,PBA,23,3.18,120,3.15,45,3.08,150,3.15,80,3.5,89,3.73,229,0
2016,L,PBA,32,3.2,159,3.35,242,3.48,200,3.63,207,3.6,247,3.75,326,1
2016,L,PBA,25,3.44,155,3.4,236,3.14,205,3.06,221,3.1,244,3.13,250,1
2016,L,PBA,24,3.6,218,3.6,50,3.59,182,3.57,120,3.48,120,3.41,353,0
2016,L,PBA,25,3.64,267,3.45,287,3.57,235,3.55,299,3.8,322,3.75,286,1
2016,L,PBA,23,3.32,236,3.43,291,3.25,235,3.18,253,3.52,209,3.7,297,1
2016,L,PBA,23,3.16,200,3.43,90,3.35,300,3.48,120,3.63,120,3.67,319,1
2016,L,PBA,24,3.39,120,3.17,45,3.23,150,3.23,110,3.28,100,3.45,254,1
2016,L,PBA,24,3.11,232,3.2,167,3.23,257,3.39,227,3.45,260,3.65,307,0
2016,L,PBA,24,3.18,178,3.35,95,3.58,244,3.5,120,3.7,120,3.56,258,1
2016,L,PBA,25,3.18,,3.45,204,3,190,3.23,183,3.27,190,3.5,191,1
2016,L,PBA,23,3.3,,3.45,176,3.3,253,3.4,233,3.61,236,3.73,180,1
2016,L,PBA,25,3.36,160,3.31,226,3.25,275,3.2,300,3.5,287,3.66,341,1
2016,L,PBA,25,3.14,159,3.25,152,3.2,222,2.9,151,3.59,213,3.38,244,1
2016,L,PBA,24,3.16,150,3.27,133,3.11,200,3.18,219,3.63,242,3.52,326,0
2016,L,PBA,23,3.05,210,3.4,231,3.5,210,3.1,268,3.64,288,3.4,262,1
2016,L,PBA,22,3.34,232,2.85,167,3.3,257,3.28,227,3.65,260,3.55,307,1
2016,L,PBA,24,3.45,155,3.31,236,3.35,225,3.39,249,3.6,247,3.65,278,1
2016,L,PBA,23,3.31,150,3.44,160,3.35,147,3.38,291,3.43,250,3.7,124,0
2016,L,PBA,23,3.32,145,3.35,252,3.25,245,3.28,225,3.7,308,3.77,264,1
2016,L,PBA,24,3.43,185,3.33,268,3.33,235,3.5,248,3.65,305,3.5,326,1
2016,L,SAA,23,3.38,120,3.36,150,3.46,200,3.35,242,3.56,200,3.55,200,0
2016,L,SAA,23,3.34,,3.32,200,3.38,,3.33,,3.25,157,3.53,,1
2016,L,SAA,24,3.33,,3.23,226,3.42,,3.48,,3.5,207,3.65,,1
2016,L,SAA,25,3.08,114,3.43,213,3.29,234,3.13,225,3.23,263,3.42,273,1
2016,L,SAA,24,3.21,155,3.43,236,2.88,217,3.21,200,3.25,228,3,173,1
2016,L,SAA,25,3.23,320,3.36,227,3.04,275,3.44,260,3.4,191,3.68,283,1
2016,L,SAA,24,3.34,,3,227,3.52,,3.4,,3.23,150,3.45,,1
2016,L,SAA,23,3.48,,3.18,220,3.44,,3.58,,3.46,207,3.55,,1
2016,L,SAA,23,3.44,,3.27,236,3.31,,3.44,,3.44,262,3.68,,1
2016,L,SAA,24,3.02,,3.27,159,3.11,267,3.46,355,3.52,220,3.18,236,1
2016,L,SAA,22,3.33,,3.25,207,3.42,,3.31,,3.44,203,3.41,,1
2016,L,SAA,24,3.35,80,3.09,49,3.06,210,3.65,185,3.27,251,3.45,221,0
2016,L,SAA,24,3.33,,3.25,200,3.27,,3.25,,3.21,177,2.96,,1
2016,L,SAA,24,3.4,,3.34,221,3.44,,3.6,,3.46,198,3.78,,1
2016,L,SAA,28,3.25,201,3.23,244,3.15,274,3.16,252,3.17,184,3.43,253,1
2016,L,SAA,24,3.25,,3.23,224,3.1,295,3.44,294,3.38,270,3.16,238,1
2016,L,SAA,24,2.98,315,3.25,239,3.23,190,3.41,209,3.23,286,3.32,281,1
2016,L,SAA,24,3.19,158,3.27,234,3.06,200,3.39,152,3.42,183,3.55,207,1
2016,L,SAA,24,3.29,220,3.25,200,3.13,186,3.46,245,3.31,205,3.63,225,1
2016,L,SAA,25,3.4,150,3.25,150,3.35,150,3.42,150,3.46,150,3.4,150,1
2016,L,SAA,23,3.48,212,3.27,230,3.44,194,3.25,182,3.29,218,3.37,194,1
2016,L,AFI,24,3.53,130,3.31,227,3.14,225,3.33,180,3.42,219,3.55,169,1
2016,L,AFI,22,3.68,200,3.46,200,3.39,200,3.63,200,3.41,200,3.3,207,1
2016,L,AFI,23,3.39,188,3.33,248,3.27,94,3.33,221,3.5,211,3.45,187,1
2016,L,AFI,24,3.5,358,3.52,226,3.23,222,3.43,214,3.18,204,3.52,134,1
2016,L,AFI,23,3.61,241,3.44,230,3.14,199,3.65,156,3.55,248,3.43,233,1
2016,L,AFI,23,3.43,,3.04,,3.34,301,3.58,263,3.43,301,3.45,265,1
2016,L,AFI,23,3.55,150,3.02,185,3.25,165,2.93,150,3.2,155,3.05,150,1
2016,L,AFI,24,3.57,218,3.33,257,3.18,183,3.53,192,3.5,249,3.45,263,1
2016,L,AFI,24,3.59,212,3.4,230,3.11,194,3.4,182,3.52,218,3.5,194,1
2016,L,AFI,25,3.39,120,3.19,150,3.16,224,3.15,187,3.16,260,3.32,90,0
2016,L,AFI,24,3.52,212,3.44,230,3.23,194,3.38,182,3.27,218,3.34,194,1
2016,L,AFI,24,3.52,80,3.29,230,2.98,147,3.05,160,3.11,223,3.36,180,0
2016,L,TIP,23,3.24,120,2.99,120,3.17,150,3.33,157,3.17,280,2.98,122,1
2016,L,TIP,25,2.92,150,2.51,209,3.08,175,3.1,150,3.28,166,3.17,150,1
2016,L,TIP,23,3.54,345,3.55,345,3.61,359,3.66,231,3.65,325,3.52,325,1
2016,L,TIP,23,2.9,120,3.22,120,3.26,150,3.44,178,3.46,245,3.23,241,1
2016,L,TIP,24,3.2,120,2.99,120,3.14,150,3.18,90,3.11,205,3.14,217,1
2016,L,TIP,25,2.88,238,3.1,238,3.22,230,3.24,178,3.26,244,3.17,244,1
2016,L,IQT,25,2.88,245,3.28,245,3.02,203,2.96,150,3.33,165,3.19,150,0
2016,L,IQT,24,3.4,,3.25,,3.19,305,3.23,299,3.43,323,3.45,344,1
2016,L,IQT,24,3.38,,3.63,196,3.52,237,3.55,266,3.6,235,3.63,260,1
2016,L,IQT,24,3.19,,3.45,252,3.17,281,3.11,270,3.35,224,3.3,254,1
2016,L,IQT,24,3.55,,3.25,60,3.13,200,3.08,218,3.14,202,3.35,230,1
2016,L,IQT,22,3.23,125,3.33,255,3.46,145,3.25,202,3.17,205,3.35,181,1
2016,L,IQT,25,3,120,3.33,150,3.39,254,3.31,292,3.43,209,3.13,295,1
2016,L,IQT,23,3.48,60,3.43,60,3.33,211,3.52,150,3.39,211,3.58,183,0
2016,L,IQT,25,3.17,252,3.3,286,3.27,284,3.5,182,3.2,269,3.28,150,1
2016,L,IQT,22,3.18,,3.43,206,3.19,221,3.23,208,3.55,223,3.63,233,1
2016,L,IQT,23,3.33,259,3.25,247,3.2,194,3.36,262,2.95,361,3.23,261,1
2016,L,IQT,22,3.15,335,3.38,345,3.5,320,3.43,365,3.23,365,3.5,250,1
2016,L,IQT,24,3.28,189,3.35,237,3.42,255,3.48,257,3.45,293,3.35,313,1
2016,L,IQT,23,3.33,239,3.45,362,3.44,252,3.45,304,3.32,307,3.55,388,1
2016,L,IQT,22,3.28,,3.33,236,3.14,377,3.2,254,3.38,283,3.32,313,1
2016,L,IQT,24,3.31,157,3.2,260,3.25,236,3.34,252,3.12,191,3.4,237,1
2016,L,IQT,24,3.6,330,3.6,325,3.56,187,3.55,172,3.52,274,3.65,393,1
2016,L,IQT,23,3.23,226,3.23,332,3.27,233,3.23,259,3.27,221,3.38,307,1
2016,L,IQT,24,3.02,160,3.05,327,3.05,144,3.34,227,3.08,161,3.06,288,1
2016,L,IQT,23,3.23,140,3.45,242,3.54,183,3.2,189,3.25,311,3.36,225,1
2016,L,IQT,23,3.33,145,3.33,251,3.33,218,3.47,204,3.29,229,3.23,120,1
2016,L,IQT,24,2.92,120,3.2,150,3.11,250,3.16,242,3.23,164,3.35,245,0
2016,L,IQT,24,3.28,120,3.23,150,3.04,187,3.14,172,3.09,154,3.48,172,0
2016,L,IQT,22,3.56,,3.5,218,3.13,289,3.04,271,3.44,274,3.36,283,1
2016,L,IQT,23,3.39,150,3.3,226,3.19,173,3.2,150,3.54,150,3.48,340,1
2016,L,IQT,22,3.19,150,3.23,138,3.17,143,3.28,150,3.35,280,3.27,237,1
2016,L,IQT,23,3.3,225,3.38,318,3.45,164,3.36,262,3.5,245,3.6,219,1
2016,L,IQT,24,3.2,160,3.33,225,3.23,213,3.35,202,3.46,229,3.35,216,1
2016,L,IQT,23,3.25,157,3.38,241,3.48,224,3.43,307,3.57,289,3.48,286,1
2016,L,IQT,24,3.35,,3.63,280,3.42,281,3.32,270,3.64,281,3.5,242,1
2016,L,IQT,23,3.53,136,3.39,265,3.19,220,3.43,200,3.31,154,3.31,187,1
2016,L,IQT,24,3.05,159,3.2,264,3.33,185,3.41,240,3.17,264,3,218,1
2016,L,IQT,22,3.35,120,3.18,150,3.25,235,3.22,172,3.3,132,3.15,150,0
2016,L,IQT,29,3.3,225,3.48,213,2.96,160,3.09,289,3.34,218,3.25,120,1
2016,L,IQT,23,3.35,,3.43,220,3.5,245,3.39,212,3.41,243,3.4,233,1
2016,L,IQT,24,3.05,160,3.28,233,3.21,212,3.4,202,3.15,165,3.2,162,1
2016,L,AGRO,25,2.85,80,3.08,150,2.6,163,3.14,168,3.17,90,3.38,200,0
2016,L,AGRO,23,3.36,80,3.4,150,2.98,194,3.33,263,3.2,140,3.36,230,0
2016,L,AGRO,23,3,80,3.2,150,2.91,140,3.24,237,3.18,150,3.38,215,0
2016,L,AGRO,24,3.48,80,3.77,150,3.52,208,3.55,210,3.67,87,3.75,170,0
2016,L,AGRO,23,3.36,269,3.59,256,3.28,215,3.33,247,3.3,245,3.59,215,1
2016,L,TI,24,3.42,282,3.33,187,3.41,215,3.03,202,3.33,336,3.61,336,0
2016,L,TI,23,3.01,100,3.14,149,3.31,215,2.84,190,3.15,250,3.33,263,1
2016,L,TI,23,3.63,120,3.77,150,3.72,245,3.78,295,3.46,255,3.56,340,1
2016,L,TI,24,2.87,120,3.11,150,3.03,259,3.11,245,2.99,220,3.14,328,0
2016,L,TI,23,3.38,120,3.59,150,3.69,202,3.32,245,3.38,185,3.61,269,0
2016,L,TI,23,3.04,120,3.09,150,3.23,207,3.19,222,3.19,145,3.26,257,0
2016,L,TI,23,2.94,279,2.56,272,3.01,221,3.06,220,3.13,250,3.29,287,0
2016,L,TI,23,3.29,120,3.34,150,3.39,203,3.41,187,3.44,238,3.65,312,1
2016,L,TI,24,3.18,150,3.36,80,3.29,235,3.09,245,3.09,217,3.35,233,0
2016,L,TI,24,3.3,150,3.16,47,3.36,208,3.38,245,3.34,185,3.47,175,0
2016,L,TI,23,2.7,150,2.96,138,2.9,205,2.72,150,2.83,212,3.38,207,0
2016,L,TI,23,3.12,150,2.61,132,3.25,205,2.91,215,2.73,213,3.28,265,0
2016,L,TI,23,3.17,212,3.11,185,2.96,270,2.98,154,3.08,150,3.49,136,1
2016,L,TI,24,2.79,120,2.72,150,2.63,201,2.7,175,2.89,215,3.55,95,1
2016,L,TI,24,3.08,174,3.41,150,3.27,221,3.16,215,2.94,175,3.37,174,1
2016,L,TI,23,3.05,88,3.06,220,3.07,236,3.21,279,2.88,240,3.2,15,0
2016,L,TI,23,3.13,150,2.85,132,3.07,205,2.95,215,3.09,213,3.26,265,0
2016,L,TI,23,2.98,120,3.27,150,2.82,210,3.43,196,3.31,227,3.4,247,0
2016,L,TI,24,3.3,100,3.48,160,3.45,257,3.39,245,3.03,215,3.53,259,1
2016,L,PM,23,3.26,,3.31,247,3.47,190,3.27,282,3.38,113,3.71,,1
2016,L,PM,23,2.91,150,3.3,150,3.33,150,3.4,150,3.3,200,3.58,200,0
2016,L,PM,24,1.62,281,2.18,278,3.6,205,3.61,209,3.5,272,3.71,267,1
2016,L,PM,26,3.19,169,3.23,240,3.23,75,3.15,300,3.02,202,3.4,69,0
2016,L,PM,25,3.49,224,3.15,236,3.36,270,3.48,150,3.19,230,3.58,310,1
2016,L,PM,22,3.38,155,3.3,230,3.28,146,3.44,232,3.19,280,3.46,222,1
2016,L,PM,25,3.53,180,3.65,254,3.68,266,3.66,235,3.46,298,3.65,240,1
2016,L,PM,24,3.48,120,3.28,150,3.28,284,3.48,242,3.31,120,3.6,238,1
2016,L,PM,24,3.54,,3.5,147,3.41,323,3.67,313,3.03,210,3.42,194,1
2016,L,EI,25,3.16,295,3.06,150,3.04,222,3.34,213,3.34,206,3.47,87,0
2016,L,EI,24,3.21,180,3.02,195,3.39,201,3.75,269,3.63,274,3.45,68,1
2016,L,EI,23,3.13,183,3.62,313,3.56,188,3.59,269,3.53,247,3.44,101,1
2016,L,EI,25,3.12,,3.18,202,3.3,238,3.19,213,3.47,237,3.28,170,1
2016,L,EI,23,2.97,264,2.83,128,3.1,123,2.81,255,3.28,389,3.48,310,0
2016,L,EI,26,3.18,160,3.18,278,3.4,199,3.63,244,3.5,251,3.46,105,1
2016,L,EI,23,3.01,160,3.13,197,3.05,275,3.47,229,3.38,219,3.5,68,1
2016,L,EI,23,3.36,150,3.26,150,2.98,210,3.19,215,3.13,202,3.43,187,0
2016,L,EI,23,3.13,150,3.38,150,3.28,215,3.22,258,3.47,210,3.46,191,0
2016,L,EI,25,3.58,,3.82,162,3.64,243,3.56,317,3.84,212,3.6,173,1
2016,L,EI,24,3.46,150,3.34,150,2.93,134,3.34,208,3.39,206,3.64,245,0
2016,L,EI,25,2.84,120,3.38,150,3.28,272,3.63,209,3.31,132,3.45,100,0
2016,L,EI,22,3.03,80,3.09,150,3.06,206,3.19,281,3.28,206,3.85,183,0
2016,L,EI,23,3.06,160,2.9,3,3.03,246,3.34,210,3.41,175,3.56,340,0
2016,L,EI,25,3.04,160,3.02,228,3.25,193,3.38,254,3.41,195,3.54,108,1
2016,L,EI,24,3.21,204,3.49,247,3.57,249,3.75,239,3.59,273,3.56,120,1
2016,L,EI,24,3.08,150,3.01,150,3.01,190,3,204,3.31,202,3.51,192,0
2016,L,EI,25,3.44,160,3.88,242,3.39,247,3.34,244,3.44,240,3.45,305,0
2016,L,EI,24,3.31,80,3.53,150,3.37,246,3.41,213,3.5,313,3.52,307,0
2016,L,EI,24,3.38,170,3.57,258,3.59,390,3.56,261,3.66,624,3.54,400,0
2016,L,EI,24,2.93,52,3.09,157,3.32,20,3.09,207,3.19,192,3.19,354,0
2016,L,EI,24,3.49,100,3.61,306,3.49,204,3.66,254,3.69,131,3.72,97,1
2016,L,EI,24,3.14,160,3.36,254,3.4,245,3.53,254,3.41,329,3.49,165,1
2016,L,EI,24,3.57,176,3.54,188,3.5,188,3.78,273,3.81,167,3.64,74,1
2016,L,EI,23,2.85,,3.18,,3.24,183,3.06,220,3.44,185,3.48,193,1
2016,L,EI,25,3.03,160,3.36,199,3.28,213,3.25,235,3.25,234,3.53,97,1
2016,L,EI,26,3.21,174,3.45,270,3.29,214,3.5,269,3.36,335,3.66,120,1
2016,L,EI,22,3.11,,3.11,,3.3,212,3.22,220,3.34,200,3.45,208,1
2016,L,EI,24,2.81,,3.07,,2.81,203,3.38,200,3.31,200,3.57,208,1
2016,L,EI,23,3.42,160,3.43,353,3.79,283,3.59,327,3.42,293,3.63,125,1
2016,L,EI,23,3.07,,3.45,203,3.38,201,3.44,202,3.56,80,3.52,221,1
2016,L,EI,24,2.68,80,3.05,150,3.1,163,3.38,249,3.28,167,3.35,97,0
2016,L,EI,22,2.83,,3.2,,3.19,231,3.16,231,3.16,200,3.82,193,1
2016,L,EI,24,3.21,150,3.51,145,3.23,267,3.44,242,3.38,253,3.46,257,0
2016,L,EI,23,2.86,,3.11,199,3.31,298,3.44,201,3.47,239,3.41,147,1
2016,L,EI,22,2.88,160,3.32,249,3.1,186,3.47,224,3.34,287,3.39,71,1
2016,L,EI,24,3.04,100,3.17,324,3.08,298,3.19,283,3.22,180,3.6,90,1
2016,L,EI,25,3.25,150,3.42,114,3.35,200,3.41,244,3.53,209,3.55,322,0
2016,L,EI,23,3.13,150,3.23,84,3.02,207,3.25,239,3.13,223,3.54,215,0
2016,L,EI,22,3.54,80,3.69,150,3.74,282,3.75,304,3.72,192,3.76,115,0
2016,L,MNJ,22,3.28,80,3.26,150,3.14,220,3.28,232,3.1,205,3.43,296,0
2016,L,MNJ,24,3.16,208,3.25,266,3.26,235,3.38,237,3.45,212,3.56,298,1
2016,L,MNJ,24,3.34,182,2.94,275,3.15,180,3.46,172,3.44,275,3.53,260,1
2016,L,MNJ,24,3.01,169,2.96,211,3.09,220,3.31,242,3.28,281,3.39,291,1
2016,L,MNJ,23,3.04,,3.25,200,3.14,110,3.46,282,3.47,219,3.57,289,1
2016,L,MNJ,23,2.93,229,3.21,284,3.1,215,3.2,242,3.3,286,3.48,266,1
2016,L,MNJ,22,2.99,150,2.95,33,2.72,85,3.06,222,3.15,214,3.47,254,0
2016,L,MNJ,24,2.86,150,3.07,57,2.78,80,3.02,267,3.2,236,3.59,248,0
2016,L,MNJ,25,3.53,,3.35,195,3.51,158,3.59,267,3.33,212,3.58,210,1
2016,L,MNJ,23,3.17,180,3,150,2.83,115,3.36,252,3.41,165,3.28,223,0
2016,L,MNJ,23,3.41,,3.22,189,3.17,160,3.14,207,3.28,231,3.32,263,1
2016,L,MNJ,24,3.17,150,3.38,86,3.12,165,3.52,259,3.49,195,3.43,280,0
2016,L,MNJ,23,2.92,150,3.42,141,3.2,232,3.35,292,3.05,247,3.34,282,0
2016,L,MNJ,24,3.23,,2.93,213,2.93,230,3.24,259,3.03,201,3.38,231,1
2016,L,MNJ,23,3.06,150,3.27,50,2.92,135,3.33,232,3.24,235,3.28,252,0
2016,L,MNJ,24,3.39,150,3.38,161,3.27,145,3.62,150,3.43,150,3.58,150,1
2016,L,MNJ,25,3.51,150,3.68,150,2.93,150,3.38,207,3.23,206,3.31,231,0
2016,L,MNJ,24,3.35,150,2.94,162,3.13,150,3.38,238,3.08,60,3.53,81,0
2016,L,MNJ,24,2.91,,3.22,,3.15,130,3.58,267,3.47,211,3.52,281,1
2016,L,MNJ,23,3.19,150,3.2,150,3.32,150,3.31,252,2.98,234,3.38,249,0
2016,L,MNJ,23,3.39,,3.32,165,3.7,225,3.67,252,3.44,200,3.65,255,1
2016,L,MNJ,24,3.08,,3.19,204,3.08,103,3.27,267,3.14,247,3.5,290,1
2016,L,MNJ,22,3.23,,3.05,188,3.02,115,3.22,287,3.26,239,3.34,256,1
2016,L,MNJ,22,3.19,,3.04,226,2.93,105,3.46,312,3.41,222,3.34,254,1
2016,L,MNJ,24,3.2,,3.09,262,3.18,140,3.32,302,3.25,200,3.46,211,1
2016,L,MNJ,24,3.35,,3.22,138,3.28,150,3.24,302,3.34,180,3.49,230,1
2016,L,MNJ,24,3.17,150,3.22,150,2.96,150,3.27,276,3.24,228,3.46,250,0
2016,L,MNJ,24,3.52,150,3.41,150,3.2,150,3.43,229,3.34,197,3.41,247,0
2016,L,HI,22,3.04,120,3.39,150,3.39,172,3.22,207,3.36,200,3.49,220,0
2016,L,HI,23,3.35,120,3.55,150,3.38,126,3.28,232,3.39,245,3.58,300,1
2016,L,HI,24,3.15,115,3.15,115,3.31,115,3.28,185,3.47,203,3.33,130,0
2016,L,HI,24,3.46,174,3.5,248,3.44,186,3.56,229,3.36,254,3.52,237,1
2016,L,HI,24,3.02,150,3.34,138,3.3,142,3.38,150,3.38,150,3.17,150,1
2016,L,HI,23,3.09,170,3.34,279,3.31,195,3.56,202,3.43,261,2.89,197,1
2016,L,HI,24,3.18,100,3,150,3.27,117,3.06,188,3.11,173,2.83,210,0
2016,L,HI,24,3.22,120,3.41,150,3.3,196,2.88,210,3.52,170,2.97,309,0
2016,L,HI,24,3.36,145,3.25,116,3.46,218,3.38,182,3.54,253,3.35,130,1
2016,L,HI,24,3.45,65,3.73,150,3.42,189,3.53,207,3.46,255,3.64,227,0
2016,L,HI,25,3.23,120,3.29,150,3.43,117,3.31,165,3.32,188,3.14,211,0
2016,L,HI,23,3.24,60,3.62,150,3.19,132,3.34,202,3.35,170,3.4,222,0
2016,L,HI,24,3.29,204,3.44,257,3.29,222,3.47,207,3.64,267,3.26,228,1
2016,L,HI,24,3.42,120,3.44,150,3.21,201,3.31,204,3.55,168,3.25,222,0
2016,L,HI,24,2.57,156,3.35,220,2.92,210,3.16,208,3.36,307,3.1,213,1
2016,L,HI,24,3.35,100,3.45,148,3.46,175,3.34,255,3.46,329,3.52,130,0
2016,L,HI,24,3.24,219,3.3,235,3.33,142,3.56,205,3.61,293,3.33,227,1
2016,L,HI,24,3.24,226,3.45,238,2.68,158,3.46,180,3.54,203,3.08,212,1
2016,L,HI,23,3.26,192,3.55,187,3.43,184,3.53,201,3.5,217,3.48,245,1
2016,L,HI,22,3.29,120,3.14,129,3.02,165,3.06,201,3.09,207,3.19,130,0
2016,L,HI,23,3.24,120,3.26,150,3.08,153,3.07,210,3.21,220,3.38,248,0
2016,L,HI,23,3.26,283,3.6,256,3.46,153,3.59,215,3.71,292,3.22,264,1
2016,L,HI,25,3.59,120,3.83,150,3.85,202,3.75,220,3.86,210,3.8,280,1
2016,L,HI,23,3.46,120,3.45,150,3.47,184,3.72,210,3.76,190,3.55,295,0
2016,L,HI,25,3.36,216,3.45,240,3.22,139,3.53,225,3.64,210,3.52,226,0
2016,L,HI,23,3.29,271,3.49,400,3.22,243,3.31,300,3.36,394,3.02,357,1
2016,L,HI,24,3.45,220,3.66,276,3.5,198,3.53,215,3.75,275,3.59,264,1
2016,L,HI,29,3.26,213,3.28,225,3.28,164,3.47,289,3.54,241,3.35,281,1
2016,L,HI,25,3.54,120,3.45,90,3.27,176,3.5,222,3.36,200,3.18,130,0
2016,L,HI,23,3.28,271,3.31,262,3.25,151,3.34,230,3.39,243,3.39,222,1
2016,L,HI,25,3.4,120,3.18,150,3.3,144,3.38,270,3.39,255,3.22,267,0
2016,L,HI,24,3.51,120,3.73,150,3.57,313,3.69,335,3.71,275,3.61,367,0
2016,L,HI,24,3.39,100,3.25,103,3.32,170,3.34,210,3.7,287,3.35,130,0
2016,L,HI,25,3.28,120,3.29,150,3.05,205,3.13,185,3.25,160,3.38,255,0
2016,L,HI,24,3.07,179,3.23,227,3.05,162,3.5,201,3.18,245,3.42,223,1
2016,L,HI,23,3.18,120,3.1,141,3.1,145,3.38,257,3.3,247,3.02,130,0
2016,L,HI,23,3.25,120,3.13,150,3.16,82,3.22,241,3.39,180,3.38,214,0
2016,L,HI,24,3.26,120,3.31,150,3.03,112,3.31,201,3.5,158,3.18,216,0
2016,L,HI,25,3.11,120,3.08,150,3.14,105,2.88,210,3.21,210,3.2,269,1
2016,L,HES,24,3.18,,3.23,232,3.17,209,3.35,227,3.6,209,3.53,169,1
2016,L,HES,24,3.2,,3.06,185,3.04,292,3.06,253,3.4,249,3.23,249,1
2016,L,HES,23,3.02,200,3.31,200,3.18,203,3.48,237,3.4,251,3.58,246,0
2016,L,HES,23,3.28,,3.22,,3.19,252,3.48,229,3.21,289,3.56,292,1
2016,L,HES,23,3.33,200,3.17,200,2.9,197,3.29,222,3.15,235,3.52,225,0
2016,L,HES,24,3.29,208,3.06,158,3.13,130,3.21,230,3.14,265,3.44,,1
2016,L,HES,39,2.92,,3.13,,3.2,247,3.5,226,3.53,242,3.5,240,1
2016,L,HES,24,2.92,165,2.7,208,2.98,213,3.25,211,3.03,150,3.42,150,1
2016,L,HES,25,3.2,204,2.9,320,3.02,97,3.25,216,3.06,159,3.27,,1
2016,L,HES,24,2.98,178,2.7,294,2.96,173,2.92,228,2.8,177,3.1,,1
2016,L,HES,23,3.14,140,2.93,135,2.98,185,3.02,270,3.08,213,3.27,150,1
2016,L,HES,24,3,,3.25,,2.96,220,2.85,214,3.03,249,3.38,222,1
2016,L,HES,23,3.33,200,3.13,200,3.08,206,2.88,267,2.83,277,3.12,271,0
2016,L,HES,23,3.2,221,3.39,270,2.85,288,3.13,293,3.35,200,3.39,275,0
2016,L,HES,23,2.88,,3.08,60,2.92,205,3.27,247,3.34,317,3.57,285,1
2016,L,HES,22,3.23,235,3.15,205,3.12,146,2.84,223,3.11,175,3.44,,1
2016,L,HES,24,3.31,,3.31,,3.13,258,3.46,324,3.31,392,3.64,359,1
2016,L,HES,24,3.4,229,3.33,277,3.23,178,3.33,291,3.3,270,3.59,,1
2016,L,HES,24,2.98,200,3.16,200,3.02,206,3.4,265,3.3,300,3.52,270,0
2016,L,HES,24,3.23,,3.48,,3.5,234,3.79,266,3.7,286,3.75,268,1
2016,L,HES,22,3.32,120,3.36,150,3.5,249,3.65,195,3.5,200,3.7,200,1
2016,L,HES,25,3.04,,3.25,,3.13,221,3.04,270,3.43,264,3.38,256,1
2016,L,HES,24,3.45,225,3.06,178,3.13,189,3.52,205,3.34,354,3.75,,1
2016,L,HES,23,2.93,,3.03,156,3.13,300,3.05,347,3.35,247,3.33,247,1
2016,L,HES,23,3.44,120,3.39,150,3.43,176,3.54,228,3.55,210,3.6,200,1
2016,L,HES,22,3.5,238,3.5,203,3.43,171,3.52,235,3.6,261,3.5,,1
2016,L,HES,23,2.82,150,2.73,150,2.87,165,2.89,218,2.98,200,3.28,198,0
2016,L,HES,23,3.32,200,3.25,200,2.84,255,3.15,224,3.14,242,3.58,222,0
2016,L,HES,24,3.28,120,3.14,150,3.13,186,3.14,225,3.25,120,3.23,200,1
2016,L,HES,23,3.23,,3.11,187,3.2,320,3.33,319,3.35,233,3.63,233,1
2016,L,HES,22,3.72,386,3.53,297,3.73,223,3.69,205,3.77,220,3.79,,1
2016,L,ILKOM,23,3.38,282,3.34,103,3.38,220,3.51,210,3.59,274,3.64,130,0
2016,L,ILKOM,23,3.68,,3.75,349,3.5,172,3.55,172,3.48,167,3.53,178,1
2016,L,ILKOM,24,3.4,120,3.21,150,3.47,205,3.28,260,3.74,180,3.75,228,0
2016,L,ILKOM,25,3.03,205,3.15,90,3.45,200,3.42,258,3.52,254,3.3,130,0
2016,L,ILKOM,25,3.36,150,3.06,150,3.32,150,3.53,150,3.71,167,3.54,178,0
2016,L,ILKOM,23,3.37,,3.26,256,3.55,281,3.7,274,3.71,167,3.8,178,1
2016,L,ILKOM,24,3.4,150,3.28,150,3.41,150,3.52,334,3.45,236,3.44,205,0
2016,L,ILKOM,23,3.15,,3.48,230,3.21,211,3.59,198,3.36,167,3.33,178,1
2016,L,ILKOM,23,3.08,160,3.14,20,3.37,210,3.43,295,3.57,223,3.68,248,1
2016,L,ILKOM,25,3.19,150,2.66,92,3.38,155,3.25,235,3.39,261,3.34,130,0
2016,L,ILKOM,23,3.28,150,3.4,150,3.44,150,3.54,255,3.44,209,3.47,226,0
2016,L,ILKOM,24,3.22,140,3.11,186,3.16,185,3.53,265,3.55,225,3.78,232,1
2016,L,ILKOM,23,3.11,150,2.79,150,3.36,150,3.52,299,3.51,216,3.47,247,0
2016,L,ILKOM,23,3.11,150,3.09,128,3.61,232,3.52,260,3.46,261,3.42,130,0
2016,L,ILKOM,24,3.31,80,3.13,150,3.3,201,3.28,203,3.43,171,3.35,171,0
2016,P,PAI,24,3.36,230,3.35,270,3.19,330,3.5,250,3.65,315,3.46,329,1
2016,P,PAI,22,3.55,234,3.5,179,3.42,285,3.55,320,3.7,295,3.55,335,1
2016,P,PAI,24,3.4,290,3.63,235,3.55,201,3.55,200,3.73,325,3.68,291,1
2016,P,PAI,22,3.45,347,3.38,322,3.45,365,3.55,340,3.52,350,3.61,400,1
2016,P,PAI,24,3.55,264,3.65,265,3.59,358,3.61,205,3.82,304,3.68,321,1
2016,P,PAI,22,3.53,,3.44,267,3.36,384,3.43,330,3.63,365,3.41,368,1
2016,P,PAI,23,3.68,,3.67,162,3.41,257,3.61,228,3.64,215,3.63,268,1
2016,P,PAI,23,3.65,,3.48,199,3.39,241,3.64,288,3.45,213,3.45,165,1
2016,P,GIZI,24,3.07,202,3.14,208,3.14,255,3.31,255,3.39,235,3.36,215,1
2016,P,GIZI,25,3.23,215,3.14,279,3.05,295,3.56,299,3.26,230,3.41,205,1
2016,P,GIZI,24,3.09,205,3.21,239,3.24,252,3.5,299,3.2,260,3.36,330,1
2016,P,GIZI,22,3.26,216,3.13,286,3.24,257,3.52,309,3.48,247,3.42,220,0
2016,P,GIZI,24,3.49,219,3.31,341,3.66,379,3.81,398,3.63,375,3.63,330,1
2016,P,GIZI,25,3.41,216,3.27,286,3.53,257,3.53,309,3.46,247,3.55,220,0
2016,P,GIZI,25,3.19,206,3.14,239,3.17,287,3.42,265,3.15,250,3.44,201,1
2016,P,GIZI,24,3.26,219,3.26,276,3.43,267,3.58,265,3.5,240,3.53,200,1
2016,P,GIZI,24,3.25,206,3.06,239,3.11,287,3.35,265,3.39,250,3.44,210,1
2016,P,GIZI,24,3.14,236,3.04,212,2.96,307,3.15,299,3.08,226,3.2,230,1
2016,P,GIZI,24,3.42,243,3.21,324,3.38,353,3.53,359,3.44,280,3.49,240,1
2016,P,GIZI,23,3.25,206,3.17,200,3.16,292,3.51,324,3.3,235,3.41,235,0
2016,P,GIZI,23,3.49,207,3.3,281,3.25,242,3.55,309,3.39,250,3.51,225,1
2016,P,GIZI,24,3.47,205,3.42,302,3.26,284,3.74,339,3.68,265,3.68,240,1
2016,P,GIZI,23,3.24,197,3.4,229,3.22,230,3.49,314,3.36,246,3.42,230,1
2016,P,GIZI,23,3.2,209,3.11,203,3.22,222,3.51,299,3.35,250,3.43,240,1
2016,P,GIZI,24,3.32,206,3.25,200,3.46,292,3.73,324,3.4,235,3.65,235,1
2016,P,GIZI,24,3.09,213,3.12,201,3.14,242,3.49,319,3.35,255,3.45,205,1
2016,P,GIZI,23,3.34,200,3.31,262,3.33,339,3.55,329,3.48,233,3.5,245,1
2016,P,GIZI,26,3.16,200,3.11,231,3.13,302,3.44,309,3.41,252,3.47,220,1
2016,P,GIZI,24,3.36,223,3.27,231,3.5,297,3.72,334,3.58,252,3.53,215,1
2016,P,GIZI,25,3.27,214,3.23,239,3.21,207,3.47,255,3.41,220,3.39,202,1
2016,P,GIZI,24,3.34,217,3.37,274,3.43,307,3.53,289,3.48,216,3.53,210,1
2016,P,PBA,23,3.68,,3.75,208,3.73,240,3.63,215,3.68,251,3.89,234,1
2016,P,PBA,23,3.2,,3.36,235,3.52,,3.63,215,3.73,315,3.84,223,1
2016,P,PBA,23,3.5,,3.43,276,3.52,,3.55,292,3.65,325,3.7,288,1
2016,P,PBA,23,3.5,268,3.43,330,3.15,285,3.38,260,3.6,302,3.66,224,1
2016,P,PBA,23,3.61,218,3.5,272,3.43,268,3.7,247,3.6,223,3.7,202,1
2016,P,PBA,22,3.55,264,3.42,90,3.4,284,3.59,35,3.5,,3.66,,1
2016,P,PBA,24,3.32,,3.45,199,3.27,311,3.35,274,3.4,242,3.7,219,1
2016,P,PBA,24,3.52,,3.41,233,3.41,,3.75,222,3.65,325,3.7,198,1
2016,P,PBA,23,3.64,,3.55,279,3.57,359,3.68,344,3.6,323,3.77,376,1
2016,P,PBA,24,3.36,265,3.32,63,3.43,317,3.53,120,3.45,120,3.66,275,0
2016,P,PBA,22,3.52,,3.64,249,3.57,306,3.53,304,3.45,212,3.73,393,1
2016,P,PBA,23,3.45,,3.4,253,3.39,,3.4,248,3.57,,3.63,230,1
2016,P,PBA,24,3.55,,3.57,247,3.59,316,3.63,289,3.65,249,3.77,234,1
2016,P,PBA,23,3.27,,3.45,250,3.45,314,3.55,322,3.5,268,3.66,393,1
2016,P,PBA,23,3.73,,3.5,234,3.55,303,3.68,253,3.75,390,3.84,357,1
2016,P,PBA,24,3.59,309,3.61,90,3.57,305,3.7,48,3.73,,3.8,,1
2016,P,PBA,22,3.55,285,3.53,295,3.3,357,3.45,309,3.41,275,3.61,278,1
2016,P,PBA,23,3.63,,3.45,220,3.34,,3.43,205,3.57,295,3.81,203,1
2016,P,PBA,23,3.48,,3.5,201,3.5,322,3.43,247,3.6,217,3.73,205,1
2016,P,PBA,23,3.39,,3.4,250,3.25,364,3.4,347,3.59,251,3.64,278,1
2016,P,PBA,24,3.34,,3.4,266,3.5,0,3.15,270,3.35,336,3.44,216,1
2016,P,PBA,25,3.5,270,3.28,317,3.25,247,3.38,290,3.59,265,3.55,212,1
2016,P,PBA,22,3.5,120,3.52,45,3.6,150,3.6,60,3.59,60,3.73,200,0
2016,P,PBA,23,3.39,279,3.27,83,3.57,304,3.45,120,3.78,120,3.77,305,0
2016,P,PBA,23,3.52,,3.57,201,3.2,,3.6,215,3.68,285,3.82,203,1
2016,P,PBA,23,3.45,,3.41,239,3.61,336,3.4,311,3.6,393,3.7,393,1
2016,P,PBA,27,3.64,334,3.55,341,3.61,362,3.73,305,3.75,322,3.8,259,1
2016,P,PBA,25,3.5,,3.57,291,3.45,0,3.55,302,3.5,315,3.8,233,1
2016,P,SAA,22,3.5,,3.32,246,3.08,277,3.38,354,2.88,318,3.58,246,1
2016,P,SAA,23,3.56,,3.41,211,3.48,302,3.46,288,3.33,316,3.63,311,1
2016,P,SAA,25,3.25,,3.25,122,3.35,240,3.5,240,3.33,200,3.63,271,1
2016,P,SAA,23,3.29,,2.95,35,3.4,241,3.42,205,3.38,200,3.45,294,1
2016,P,SAA,24,3.46,,3.2,125,3.5,222,3.54,201,3.52,200,3.5,251,1
2016,P,SAA,24,3.46,,3.59,225,3.25,270,3.12,200,3.48,200,3.62,331,1
2016,P,SAA,23,3.48,,3.41,226,3.35,330,3.52,305,3.33,300,3.8,272,1
2016,P,SAA,24,3.23,,0,125,3.35,210,3.38,200,3.44,200,3.63,251,1
2016,P,SAA,24,2.98,,3.16,200,3.33,291,3.35,277,3.29,280,3.65,200,1
2016,P,SAA,23,3.5,,3.27,256,3.15,246,3.34,297,3.29,,3.78,278,1
2016,P,SAA,23,3.35,,3.34,30,3.48,258,3.62,260,3.44,200,3.53,301,1
2016,P,SAA,23,3.31,,3.2,217,3.13,295,3.46,312,3.31,275,3.7,288,1
2016,P,SAA,24,3.48,,3.27,115,3.5,242,3.6,215,3.48,200,3.78,329,1
2016,P,SAA,22,3.46,,3.27,264,3.13,223,3.46,278,3.52,314,3.68,292,1
2016,P,SAA,23,3.4,,3.25,38,3.5,255,3.58,210,3.5,215,3.8,294,1
2016,P,SAA,24,3.35,,3.34,125,3.48,229,3.58,200,3.52,200,3.55,251,1
2016,P,SAA,24,3.27,,3.41,204,3.23,202,3.69,262,3.27,313,3.65,245,1
2016,P,SAA,25,3.48,,3.48,250,3.58,219,3.65,270,3.58,310,3.88,292,1
2016,P,SAA,23,3.38,,3.27,30,3.52,226,3.56,200,3.5,215,3.75,318,1
2016,P,SAA,24,3.42,,3.27,0,3.38,239,3.62,210,3.65,200,3.6,304,1
2016,P,SAA,23,3.52,,3.09,229,3.31,206,3.63,298,3.33,325,3.8,200,1
2016,P,SAA,23,3.33,,3.23,0,3.46,236,3.6,220,3.5,200,3.7,277,1
2016,P,SAA,23,3.38,,3.39,43,3.56,264,3.67,206,3.71,210,3.88,331,1
2016,P,SAA,23,3.25,,3.34,113,3.44,219,3.6,205,3.56,200,3.6,318,1
2016,P,SAA,23,3.5,,3.02,222,2.96,321,3.32,303,3.1,249,3.41,244,1
2016,P,SAA,24,3.5,,3.39,252,3.29,253,3.5,264,3.24,336,3.63,200,1
2016,P,SAA,22,3.38,,3.41,117,3.4,252,3.56,200,3.4,215,3.6,291,1
2016,P,SAA,23,3.42,,3.5,301,3.35,222,3.5,371,3.21,373,3.65,338,1
2016,P,SAA,22,3.08,,3.47,205,3.13,323,3.46,325,3.31,245,3.63,244,1
2016,P,SAA,23,3.38,,3.16,38,3.5,153,3.56,230,3.5,210,3.65,304,1
2016,P,SAA,25,3.29,,3.41,125,3.38,205,3.48,205,3.31,200,3.53,251,1
2016,P,SAA,23,3.44,,3.36,257,3.23,238,3.48,205,3.35,285,3.58,230,1
2016,P,SAA,23,3.29,,3.11,204,3.1,293,3.27,307,3.08,253,3.5,239,1
2016,P,AFI,23,3.48,,3.52,242,3.46,323,3.48,322,3.48,257,3.57,339,1
2016,P,AFI,24,3.66,,3.6,215,3.23,236,3.45,233,3.3,290,3.43,233,1
2016,P,AFI,23,3.43,,3.48,201,2.92,272,2.93,227,2.79,232,3.23,309,1
2016,P,AFI,23,3.55,120,3.44,150,3.11,240,3.38,260,3.39,340,3.55,200,0
2016,P,AFI,23,3.59,,3.75,249,3.45,258,3.5,258,3.48,270,3.75,202,1
2016,P,AFI,23,3.59,,3.56,220,3.44,217,3.48,268,2.97,247,3.5,270,1
2016,P,AFI,23,3.43,,3.56,230,3.2,233,3.45,295,3.34,282,3.48,255,1
2016,P,AFI,22,3.64,,3.63,221,3.48,203,3.43,222,3.3,287,3.41,210,1
2016,P,AFI,24,3.45,,3.46,203,3.27,261,3.48,253,3.48,206,3.48,336,1
2016,P,AFI,22,3.64,,3.6,223,3.45,278,3.5,235,3.36,262,3.52,206,1
2016,P,FARMASI,23,3.16,203,3.18,254,3.29,248,3.57,290,3.33,273,3.29,200,1
2016,P,FARMASI,23,3.42,200,3.5,212,3.55,197,3.62,240,3.45,320,3.58,207,1
2016,P,FARMASI,25,3.14,222,3.22,248,3.1,342,3.51,250,3.05,300,3.25,254,1
2016,P,FARMASI,25,3.22,273,3.09,258,3.15,222,3.46,275,3.08,285,3.31,287,1
2016,P,FARMASI,23,3.13,202,3,292,2.87,191,3.4,280,3.05,241,3.25,252,1
2016,P,FARMASI,25,3.1,229,3.15,247,2.98,207,3.45,210,2.93,243,3.36,227,1
2016,P,FARMASI,23,3.08,207,3.22,207,3.27,187,3.2,210,3.4,240,3.43,208,1
2016,P,FARMASI,22,2.98,210,2.84,230,3.11,222,3.28,240,2.99,283,2.9,249,1
2016,P,FARMASI,25,3.06,246,3.23,297,3.29,322,3.42,340,3.05,360,3.23,294,1
2016,P,FARMASI,23,3.35,207,3.18,312,3.38,235,3.67,286,3.25,237,3.35,213,1
2016,P,FARMASI,24,3.1,207,3.11,289,3.18,265,3.25,280,3.27,258,3.39,242,1
2016,P,FARMASI,24,3.24,186,3.23,241,3.4,157,3.34,260,3.22,250,3.5,270,1
2016,P,FARMASI,24,3.28,203,3.15,242,3.15,167,3.15,160,3.16,240,2.93,206,1
2016,P,FARMASI,24,3.19,208,3,327,3.19,210,3.14,272,3.22,326,2.98,272,1
2016,P,FARMASI,23,3.54,217,3.41,308,3.49,185,3.6,250,3.56,238,3.45,221,1
2016,P,FARMASI,25,3.15,201,3.05,216,3.19,299,3.52,265,3.1,221,3.31,247,1
2016,P,FARMASI,24,3.23,289,3.03,253,3.18,217,3.14,240,3.27,221,3.39,248,1
2016,P,FARMASI,24,3.5,204,3.05,305,3.2,217,3.45,155,3.16,225,3.3,228,0
2016,P,FARMASI,23,3.06,266,3.15,298,3.14,292,3.43,300,3.03,241,3.36,240,1
2016,P,FARMASI,23,3.17,205,3.1,258,3.02,257,3.38,255,2.94,265,3.2,288,1
2016,P,FARMASI,22,3.51,212,3.27,337,3.6,240,3.22,280,3.49,291,3.6,298,1
2016,P,FARMASI,24,3,204,2.92,332,3.19,172,3.43,212,3.03,225,3.24,223,1
2016,P,FARMASI,26,3.33,206,3.2,265,3.23,192,3.46,180,3.11,237,3.53,239,1
2016,P,FARMASI,24,3.13,253,2.95,202,3.08,357,3.45,295,3.23,308,3.38,242,1
2016,P,FARMASI,23,3.55,219,3.55,292,3.64,225,3.71,343,3.53,273,3.39,251,1
2016,P,FARMASI,24,3.33,201,3.23,339,3.4,258,3.71,232,3.41,244,3.44,202,1
2016,P,FARMASI,24,3.27,204,3.22,288,3.38,199,3.71,245,3.1,215,3.5,240,1
2016,P,FARMASI,23,3.21,198,3.27,218,3.25,232,3.64,215,3.14,223,3.33,280,1
2016,P,FARMASI,25,3.11,203,2.83,234,2.99,197,3.47,240,2.93,255,3.2,253,1
2016,P,FARMASI,24,3.06,212,2.78,227,3.04,245,3.47,292,3.06,270,3.34,252,1
2016,P,FARMASI,23,3.05,209,3.23,296,3.05,237,3.14,235,2.91,220,3.36,228,1
2016,P,FARMASI,25,3.4,120,3.19,150,3.44,260,3.2,292,3.26,275,3.36,210,1
2016,P,FARMASI,23,3,206,2.99,342,3.2,175,2.92,240,3.16,280,3.27,260,1
2016,P,FARMASI,23,3.28,203,3.34,252,3.18,180,3.24,215,3.35,241,3.36,220,1
2016,P,FARMASI,24,3.47,213,3.2,282,3.63,323,3.64,260,3.44,250,3.41,227,1
2016,P,FARMASI,24,3.09,187,2.99,199,3.11,217,3.21,265,3,235,3.24,230,1
2016,P,FARMASI,24,3.21,206,3.07,276,3.05,127,3.49,260,3.13,200,3.34,257,1
2016,P,FARMASI,24,3.28,245,3.31,292,3.21,201,3.26,243,3.13,218,3.23,245,1
2016,P,FARMASI,23,3.21,200,3.27,272,3.31,162,3.52,310,3.22,299,3.34,245,1
2016,P,FARMASI,24,3.26,,3.27,204,3.42,202,3.63,262,3.42,313,3.5,245,1
2016,P,FARMASI,24,3.3,,3.16,250,3.35,219,3.6,270,3.1,310,3.36,292,1
2016,P,IQT,24,3.3,120,3.25,150,3.18,200,3.3,200,3.11,200,3.45,200,0
2016,P,IQT,24,3.63,,3.53,234,3.52,305,3.39,370,3.43,303,3.6,200,1
2016,P,IQT,23,3.35,,3.28,202,3.35,302,3.5,285,3.41,264,3.7,213,1
2016,P,IQT,23,3.39,,3.5,213,3.17,297,3.09,326,3.35,288,3.53,222,1
2016,P,IQT,21,3.35,120,3.28,150,3.24,200,3.39,200,3.48,200,3.6,200,0
2016,P,IQT,23,3.35,,3.08,197,3.18,262,3.09,227,3.27,223,3.5,294,1
2016,P,IQT,23,3.59,,3.2,203,3.38,219,3.15,220,3.32,202,3.55,210,1
2016,P,IQT,22,3.5,,3.45,238,3.46,235,3.35,255,3.39,215,3.48,210,1
2016,P,IQT,24,3.53,276,3.35,317,3.42,352,3.3,291,3.36,320,3.65,214,1
2016,P,IQT,23,3.5,,3.23,322,3.33,295,3.48,381,3.34,389,3.55,380,1
2016,P,IQT,23,3.33,120,3.25,150,3.18,200,3.16,200,2.93,200,3.35,204,0
2016,P,IQT,24,3.42,,3.18,201,3.18,248,3.06,290,3.23,222,3.42,200,1
2016,P,IQT,24,3.53,,3.43,211,3.23,219,3.28,306,3.36,321,3.63,278,1
2016,P,IQT,24,3.68,,3.48,229,3.27,282,3.39,267,3.36,237,3.58,314,1
2016,P,IQT,24,3.4,150,3.3,264,3.15,269,3.13,245,3.13,280,3.4,226,0
2016,P,IQT,22,3.4,150,3.3,240,3.13,299,3.39,314,3.2,332,3.53,206,0
2016,P,IQT,23,3.36,,3.18,249,3.31,200,2.91,259,2.85,207,3.1,203,1
2016,P,PM,23,3.58,223,3.38,228,3.55,245,3.68,268,3.29,211,3.52,204,1
2016,P,PM,24,3.47,,3.4,315,3.48,356,3.61,303,3.57,352,3.69,350,1
2016,P,PM,23,3.55,,3.48,220,3.59,329,3.7,297,3.54,217,3.75,225,1
2016,P,PM,23,3.25,,3.65,345,3.58,377,3.59,340,3.54,392,3.63,349,1
2016,P,PM,23,0,,3.16,240,3.44,310,3.58,276,3.29,246,3.6,203,1
2016,P,EI,23,3.4,,3.69,206,3.54,363,3.56,400,3.56,359,3.41,385,1
2016,P,EI,24,3.64,,3.62,261,3.54,352,3.63,376,3.81,392,3.63,393,1
2016,P,EI,24,3.69,,3.64,206,3.56,309,3.56,377,3.75,374,3.72,354,1
2016,P,EI,24,3.58,248,3.71,277,3.59,265,3.56,274,3.56,280,3.51,241,1
2016,P,EI,23,3.21,200,3.49,239,3.45,245,3.41,209,3.63,275,3.54,216,1
2016,P,EI,23,3.47,210,3.51,259,3.48,282,3.59,269,3.53,291,3.63,251,1
2016,P,EI,23,3.68,,3.45,266,3.54,282,3.47,335,3.91,200,3.81,281,1
2016,P,EI,23,3.21,132,3.42,284,3.5,265,3.44,275,3.59,296,3.61,251,1
2016,P,EI,23,3.35,223,3.43,251,3.53,265,3.41,200,3.41,308,3.55,230,1
2016,P,EI,23,3.46,,3.4,204,3.23,238,3.56,318,3.59,235,3.55,313,1
2016,P,EI,23,3.47,,3.64,248,3.45,334,3.56,372,3.66,370,3.5,357,1
2016,P,EI,24,3.63,,3.33,244,3.43,238,3.34,272,3.56,225,3.61,230,1
2016,P,EI,22,3.67,,3.7,242,3.74,206,3.63,379,3.38,281,3.55,362,1
2016,P,EI,23,3.51,255,3.44,226,3.53,287,3.41,307,3.5,315,3.65,263,1
2016,P,EI,22,3.5,,3.69,245,3.59,333,3.56,400,3.69,375,3.53,361,1
2016,P,EI,24,3.28,213,3.39,216,3.56,245,3.41,227,3.47,240,3.59,226,1
2016,P,EI,23,3.36,,3.5,238,3.59,278,3.53,337,3.78,259,3.75,218,1
2016,P,EI,24,3.6,192,3.56,205,3.42,216,3.34,250,3.56,255,3.52,226,1
2016,P,EI,23,3.71,226,3.74,279,3.67,324,3.69,299,3.66,245,3.92,281,0
2016,P,EI,25,3.38,201,3.57,204,3.55,223,3.47,207,3.63,245,3.61,216,1
2016,P,EI,24,3.31,,3.39,243,3.41,321,3.47,374,3.47,364,3.41,333,1
2016,P,EI,23,3.42,,3.14,267,3.37,264,3.34,350,3.22,289,3.5,202,1
2016,P,EI,23,3.56,240,3.61,245,3.58,207,3.41,207,3.47,230,3.81,230,1
2016,P,EI,23,3.36,,3.4,224,3.36,272,3.44,267,3.41,315,3.5,339,1
2016,P,EI,25,3.61,,3.37,278,3.53,205,3.56,295,3.47,235,3.56,313,1
2016,P,MNJ,25,3.35,203,3.53,274,3.36,255,3.35,245,3.09,267,3.21,220,1
2016,P,MNJ,23,3.36,213,3.47,251,3.3,240,3.44,215,3.47,230,3.65,243,1
2016,P,MNJ,22,3.39,214,3.85,255,3.46,302,3.7,280,3.73,261,3.83,235,1
2016,P,MNJ,23,3.39,227,3.43,281,3.28,243,3.43,230,3.65,236,3.6,250,1
2016,P,MNJ,23,3.3,218,3.65,269,3.11,260,3.67,211,3.5,260,3.4,219,1
2016,P,MNJ,24,3.33,200,3.6,248,3.16,309,3.49,290,3.5,250,3.48,280,1
2016,P,MNJ,24,3.23,215,3.41,277,3.3,302,3.58,220,3.49,305,3.65,215,1
2016,P,MNJ,24,3.52,218,3.65,274,3.58,302,3.64,320,3.63,275,3.71,260,1
2016,P,HI,24,3.25,199,3.58,223,3.49,256,3.53,197,3.52,250,3.56,200,0
2016,P,HI,23,3.45,80,3.56,150,3.58,232,3.53,315,3.68,295,3.56,217,0
2016,P,HI,24,3.38,267,3.69,240,3.7,375,3.66,242,3.72,380,3.61,200,0
2016,P,HI,22,2.94,198,3.4,202,3.56,226,3.5,233,3.49,289,3.43,200,0
2016,P,HI,23,3.51,272,3.65,296,3.73,249,3.59,240,3.75,297,3.55,240,1
2016,P,HI,24,3.18,210,3.34,281,3.53,254,3.53,190,3.64,268,3.58,217,1
2016,P,HI,25,3.09,232,3.4,256,3.42,192,3.41,247,3.41,208,3.43,212,1
2016,P,HI,23,3.36,215,3.49,319,3.64,289,3.59,297,3.64,325,3.39,209,1
2016,P,HI,25,3.26,201,3.4,336,3.64,273,3.53,307,3.61,267,3.67,230,1
2016,P,HES,24,3.07,,3.19,206,3.4,256,3.38,265,3.58,218,3.63,187,1
2016,P,HES,23,3.36,,3.25,240,3.33,222,3.6,368,3.5,266,3.46,203,1
2016,P,HES,24,3.66,,3.67,291,3.75,206,3.83,272,3.59,281,3.73,295,1
2016,P,HES,23,3.53,,3.44,265,3.21,287,3.5,349,3.43,287,3.56,215,1
2016,P,HES,23,3.52,,3.25,201,3.52,374,3.67,313,3.55,264,3.57,355,1
2016,P,HES,23,3.33,200,3,286,3.07,197,3.27,148,3.38,250,3.38,206,0
2016,P,HES,23,3.15,254,3.06,281,3.18,189,3.15,200,3.27,202,3.54,191,1
2016,P,HES,23,3.52,,3.5,223,3.64,231,3.67,233,3.63,290,3.61,299,1
2016,P,HES,23,3.43,152,3.44,220,3.59,211,3.63,224,3.53,205,3.59,200,0
2016,P,HES,22,3.11,,3.5,223,3.46,217,3.46,249,3.53,253,3.7,190,1
2016,P,HES,23,3.39,,3.31,213,3.35,290,3.5,277,3.55,275,3.61,267,1
2016,P,HES,23,3.32,,3.36,273,3.66,217,3.52,268,3.53,224,3.73,232,1
2016,P,HES,24,3.48,,3.5,205,3.64,243,3.73,375,3.6,200,3.57,201,1
2016,P,HES,23,2.98,,3.41,207,3.45,279,3.6,365,3.63,276,3.65,235,1
2016,P,HES,23,3.32,,3.22,215,3.39,267,3.55,242,3.6,277,3.58,268,1
2016,P,HES,23,2.98,,3.41,213,3.3,266,3.45,288,3.55,271,3.58,269,1
2016,P,HES,23,2.86,,3.14,214,3.34,273,3.44,282,3.64,226,3.68,240,1
